{
	"credit": "Made with Blockbench",
	"texture_size": [64, 64],
	"textures": {
		"1": "nocsy/nocsy_baby_icebear",
		"particle": "nocsy/nocsy_baby_icebear"
	},
	"elements": [
		{
			"from": [5, 4.95263, 6.33373],
			"to": [11, 10.95263, 12.33373],
			"rotation": {"angle": 0, "axis": "y", "origin": [7, 0.95263, 11.33373]},
			"faces": {
				"north": {"uv": [0, 0, 1.5, 1.5], "texture": "#1"},
				"east": {"uv": [0, 1.75, 1.5, 3.25], "texture": "#1"},
				"south": {"uv": [1.75, 0, 3.25, 1.5], "texture": "#1"},
				"west": {"uv": [1.75, 1.75, 3.25, 3.25], "texture": "#1"},
				"up": {"uv": [1.5, 5, 0, 3.5], "texture": "#1"},
				"down": {"uv": [5, 0, 3.5, 1.5], "texture": "#1"}
			}
		},
		{
			"from": [7.4, 7.85263, 5.63373],
			"to": [11.4, 9.85263, 7.63373],
			"rotation": {"angle": 22.5, "axis": "z", "origin": [8, 9.85263, 9.13373]},
			"faces": {
				"north": {"uv": [7.75, 7.75, 8.75, 8.25], "texture": "#1"},
				"east": {"uv": [5, 1.75, 5.5, 2.25], "texture": "#1"},
				"south": {"uv": [3, 8, 4, 8.5], "texture": "#1"},
				"west": {"uv": [5, 2.5, 5.5, 3], "texture": "#1"},
				"up": {"uv": [9.25, 0.5, 8.25, 0], "texture": "#1"},
				"down": {"uv": [7.25, 8.25, 6.25, 8.75], "texture": "#1"}
			}
		},
		{
			"from": [4.6, 7.85263, 5.63373],
			"to": [8.6, 9.85263, 7.63373],
			"rotation": {"angle": -22.5, "axis": "z", "origin": [8, 9.85263, 9.13373]},
			"faces": {
				"north": {"uv": [8.5, 3, 9.5, 3.5], "texture": "#1"},
				"east": {"uv": [4.75, 6.75, 5.25, 7.25], "texture": "#1"},
				"south": {"uv": [8.5, 3.75, 9.5, 4.25], "texture": "#1"},
				"west": {"uv": [0, 8, 0.5, 8.5], "texture": "#1"},
				"up": {"uv": [5.25, 9, 4.25, 8.5], "texture": "#1"},
				"down": {"uv": [9.5, 4.5, 8.5, 5], "texture": "#1"}
			}
		},
		{
			"name": "eye",
			"from": [4.8, 7.35263, 6.23373],
			"to": [7, 9.35263, 7.23373],
			"rotation": {"angle": 0, "axis": "y", "origin": [7, 0.95263, 11.33373]},
			"faces": {
				"north": {"uv": [5.5, 8.5, 6, 9], "texture": "#1"},
				"east": {"uv": [6.5, 1, 6.75, 1.5], "texture": "#1"},
				"south": {"uv": [0, 8.75, 0.5, 9.25], "texture": "#1"},
				"west": {"uv": [8.75, 8.5, 9, 9], "texture": "#1"},
				"up": {"uv": [9.25, 2.75, 8.75, 2.5], "texture": "#1"},
				"down": {"uv": [9.5, 6, 9, 6.25], "texture": "#1"}
			}
		},
		{
			"name": "eye",
			"from": [9, 7.35263, 6.23373],
			"to": [11.2, 9.35263, 7.23373],
			"rotation": {"angle": 0, "axis": "y", "origin": [9, 0.95263, 11.33373]},
			"faces": {
				"north": {"uv": [0.75, 8.75, 1.25, 9.25], "texture": "#1"},
				"east": {"uv": [6.25, 9, 6.5, 9.5], "texture": "#1"},
				"south": {"uv": [8.75, 0.75, 9.25, 1.25], "texture": "#1"},
				"west": {"uv": [6.75, 9, 7, 9.5], "texture": "#1"},
				"up": {"uv": [9.5, 8, 9, 7.75], "texture": "#1"},
				"down": {"uv": [9.75, 1.5, 9.25, 1.75], "texture": "#1"}
			}
		},
		{
			"from": [5.00092, 4.56994, 6.00723],
			"to": [11.00092, 4.56994, 9.00723],
			"rotation": {"angle": 22.5, "axis": "x", "origin": [8.00092, 4.56994, 7.25723]},
			"faces": {
				"north": {"uv": [9, 6.5, 10.5, 6.5], "texture": "#1"},
				"east": {"uv": [3.5, 3.25, 4.25, 3.25], "texture": "#1"},
				"south": {"uv": [9, 8.25, 10.5, 8.25], "texture": "#1"},
				"west": {"uv": [9.25, 6.75, 10, 6.75], "texture": "#1"},
				"up": {"uv": [8, 0.75, 6.5, 0], "texture": "#1"},
				"down": {"uv": [7.25, 6.5, 5.75, 7.25], "texture": "#1"}
			}
		},
		{
			"from": [6.017, 9.32871, 11.35073],
			"to": [7.017, 12.32871, 14.35073],
			"rotation": {"angle": -45, "axis": "y", "origin": [8, 7.95263, 9.33373]},
			"faces": {
				"north": {"uv": [1.25, 5.25, 1.5, 6], "texture": "#1"},
				"east": {"uv": [0, 7, 0.75, 7.75], "texture": "#1"},
				"south": {"uv": [1.5, 8.75, 1.75, 9.5], "texture": "#1"},
				"west": {"uv": [1, 7.75, 1.75, 8.5], "texture": "#1"},
				"up": {"uv": [9, 2.25, 8.75, 1.5], "texture": "#1"},
				"down": {"uv": [2.25, 8.75, 2, 9.5], "texture": "#1"}
			}
		},
		{
			"from": [8.983, 9.32871, 11.35073],
			"to": [9.983, 12.32871, 14.35073],
			"rotation": {"angle": 45, "axis": "y", "origin": [8, 7.95263, 9.33373]},
			"faces": {
				"north": {"uv": [2.5, 8.75, 2.75, 9.5], "texture": "#1"},
				"east": {"uv": [2, 7.75, 2.75, 8.5], "texture": "#1"},
				"south": {"uv": [3, 8.75, 3.25, 9.5], "texture": "#1"},
				"west": {"uv": [7.75, 6.75, 8.5, 7.5], "texture": "#1"},
				"up": {"uv": [3.75, 9.5, 3.5, 8.75], "texture": "#1"},
				"down": {"uv": [9, 6.75, 8.75, 7.5], "texture": "#1"}
			}
		},
		{
			"from": [5, 12.32811, 7.2538],
			"to": [11, 12.32811, 10.2538],
			"rotation": {"angle": -22.5, "axis": "x", "origin": [8, 9.32811, 10.2538]},
			"faces": {
				"north": {"uv": [9.25, 7, 10.75, 7], "texture": "#1"},
				"east": {"uv": [7.25, 9.25, 8, 9.25], "texture": "#1"},
				"south": {"uv": [9.25, 7.25, 10.75, 7.25], "texture": "#1"},
				"west": {"uv": [9.25, 7.5, 10, 7.5], "texture": "#1"},
				"up": {"uv": [2.75, 7.5, 1.25, 6.75], "texture": "#1"},
				"down": {"uv": [8.5, 1, 7, 1.75], "texture": "#1"}
			}
		},
		{
			"from": [5, 11.49332, 9.074],
			"to": [11, 11.49332, 12.074],
			"rotation": {"angle": -22.5, "axis": "x", "origin": [8, 9.32811, 10.2538]},
			"faces": {
				"north": {"uv": [8.25, 9.25, 9.75, 9.25], "texture": "#1"},
				"east": {"uv": [9.25, 8.5, 10, 8.5], "texture": "#1"},
				"south": {"uv": [9.25, 8.75, 10.75, 8.75], "texture": "#1"},
				"west": {"uv": [9.25, 9, 10, 9], "texture": "#1"},
				"up": {"uv": [8.5, 2.75, 7, 2], "texture": "#1"},
				"down": {"uv": [4.5, 7, 3, 7.75], "texture": "#1"}
			}
		},
		{
			"from": [4.38896, 4.95263, 7.40566],
			"to": [4.38896, 10.95263, 11.40566],
			"rotation": {"angle": -22.5, "axis": "y", "origin": [7.38896, 7.95263, 8.40566]},
			"faces": {
				"north": {"uv": [4.25, 5.25, 4.25, 6.75], "texture": "#1"},
				"east": {"uv": [3.25, 3.5, 4.25, 5], "texture": "#1"},
				"south": {"uv": [0, 9.5, 0, 11], "texture": "#1"},
				"west": {"uv": [4.5, 3.25, 5.5, 4.75], "texture": "#1"},
				"up": {"uv": [9.5, 1, 9.5, 0], "texture": "#1"},
				"down": {"uv": [0.25, 9.5, 0.25, 10.5], "texture": "#1"}
			}
		},
		{
			"from": [5.91386, 4.604, 11.08712],
			"to": [5.91386, 10.604, 15.08712],
			"rotation": {"angle": -22.5, "axis": "y", "origin": [7.38896, 7.95263, 8.40566]},
			"faces": {
				"north": {"uv": [0.5, 9.5, 0.5, 11], "texture": "#1"},
				"east": {"uv": [1.75, 5, 2.75, 6.5], "texture": "#1"},
				"south": {"uv": [0.75, 9.5, 0.75, 11], "texture": "#1"},
				"west": {"uv": [4.5, 5, 5.5, 6.5], "texture": "#1"},
				"up": {"uv": [1, 10.5, 1, 9.5], "texture": "#1"},
				"down": {"uv": [1.25, 9.5, 1.25, 10.5], "texture": "#1"}
			}
		},
		{
			"from": [10.08614, 4.604, 11.08712],
			"to": [10.08614, 10.604, 15.08712],
			"rotation": {"angle": 22.5, "axis": "y", "origin": [8.61104, 7.95263, 8.40566]},
			"faces": {
				"north": {"uv": [7.25, 9.5, 7.25, 11], "texture": "#1"},
				"east": {"uv": [0, 5.25, 1, 6.75], "texture": "#1"},
				"south": {"uv": [7.5, 9.5, 7.5, 11], "texture": "#1"},
				"west": {"uv": [5.25, 0, 6.25, 1.5], "texture": "#1"},
				"up": {"uv": [7.75, 10.5, 7.75, 9.5], "texture": "#1"},
				"down": {"uv": [8, 9.5, 8, 10.5], "texture": "#1"}
			}
		},
		{
			"from": [11.61104, 4.95263, 7.40566],
			"to": [11.61104, 10.95263, 11.40566],
			"rotation": {"angle": 22.5, "axis": "y", "origin": [8.61104, 7.95263, 8.40566]},
			"faces": {
				"north": {"uv": [8.25, 9.5, 8.25, 11], "texture": "#1"},
				"east": {"uv": [3, 5.25, 4, 6.75], "texture": "#1"},
				"south": {"uv": [8.5, 9.5, 8.5, 11], "texture": "#1"},
				"west": {"uv": [5.75, 1.75, 6.75, 3.25], "texture": "#1"},
				"up": {"uv": [8.75, 10.5, 8.75, 9.5], "texture": "#1"},
				"down": {"uv": [9, 9.5, 9, 10.5], "texture": "#1"}
			}
		},
		{
			"from": [5.5, 5.15263, 3.33373],
			"to": [10.5, 8.15263, 8.33373],
			"rotation": {"angle": 0, "axis": "y", "origin": [7.5, 0.95263, 11.33373]},
			"faces": {
				"north": {"uv": [7, 3, 8.25, 3.75], "texture": "#1"},
				"east": {"uv": [7, 4, 8.25, 4.75], "texture": "#1"},
				"south": {"uv": [7, 5, 8.25, 5.75], "texture": "#1"},
				"west": {"uv": [4.75, 7.5, 6, 8.25], "texture": "#1"},
				"up": {"uv": [3, 4.75, 1.75, 3.5], "texture": "#1"},
				"down": {"uv": [4.75, 1.75, 3.5, 3], "texture": "#1"}
			}
		},
		{
			"from": [6.8, 6.95263, 3.13373],
			"to": [9.2, 8.35263, 4.53373],
			"rotation": {"angle": 0, "axis": "y", "origin": [7, 0.95263, 11.33373]},
			"faces": {
				"north": {"uv": [9.25, 2, 9.75, 2.25], "texture": "#1"},
				"east": {"uv": [1.25, 6.25, 1.5, 6.5], "texture": "#1"},
				"south": {"uv": [4, 9.25, 4.5, 9.5], "texture": "#1"},
				"west": {"uv": [7, 6, 7.25, 6.25], "texture": "#1"},
				"up": {"uv": [5.25, 9.5, 4.75, 9.25], "texture": "#1"},
				"down": {"uv": [6, 9.25, 5.5, 9.5], "texture": "#1"}
			}
		},
		{
			"from": [6, 4.45263, 4.73373],
			"to": [10, 6.45263, 9.73373],
			"rotation": {"angle": -22.5, "axis": "x", "origin": [7.5, 4.15263, 6.83373]},
			"faces": {
				"north": {"uv": [8.5, 5.25, 9.5, 5.75], "texture": "#1"},
				"east": {"uv": [7.5, 6, 8.75, 6.5], "texture": "#1"},
				"south": {"uv": [7.5, 8.5, 8.5, 9], "texture": "#1"},
				"west": {"uv": [6.25, 7.5, 7.5, 8], "texture": "#1"},
				"up": {"uv": [6.75, 4.75, 5.75, 3.5], "texture": "#1"},
				"down": {"uv": [6.75, 5, 5.75, 6.25], "texture": "#1"}
			}
		}
	],
	"gui_light": "front",
	"display": {
		"gui": {
			"rotation": [-180, 22.25, -180],
			"translation": [-1.25, 0, 0],
			"scale": [1.3, 1.3, 1.3]
		},
		"fixed": {
			"translation": [0, 0, -1.5]
		}
	},
	"groups": [
		{
			"name": "head",
			"origin": [8, 6.94116, 11.42675],
			"rotation": [5, 0, 0],
			"color": 0,
			"children": [0, 1, 2, 3, 4, 5, 6, 7, 8, 9, 10, 11, 12, 13, 14, 15, 16]
		}
	]
}