{
	"credit": "Made with Blockbench by ElysiumTeam",
	"texture_size": [64, 64],
	"textures": {
		"0": "item/pack1/shroomy_hat"
	},
	"elements": [
		{
			"name": "hat_main",
			"from": [0, 1, 0],
			"to": [16, 5, 16],
			"rotation": {"angle": 0, "axis": "y", "origin": [0, 1, 0]},
			"faces": {
				"north": {"uv": [4, 4, 8, 5], "texture": "#0"},
				"east": {"uv": [0, 4, 4, 5], "texture": "#0"},
				"south": {"uv": [12, 4, 16, 5], "texture": "#0"},
				"west": {"uv": [8, 4, 12, 5], "texture": "#0"},
				"up": {"uv": [8, 4, 4, 0], "texture": "#0"},
				"down": {"uv": [12, 0, 8, 4], "texture": "#0"}
			}
		},
		{
			"name": "bottom",
			"from": [1, 0, 1],
			"to": [15, 1, 15],
			"faces": {
				"north": {"uv": [3.5, 8.5, 7, 8.75], "texture": "#0"},
				"east": {"uv": [0, 8.5, 3.5, 8.75], "texture": "#0"},
				"south": {"uv": [10.5, 8.5, 14, 8.75], "texture": "#0"},
				"west": {"uv": [7, 8.5, 10.5, 8.75], "texture": "#0"},
				"up": {"uv": [7, 8.5, 3.5, 5], "texture": "#0"},
				"down": {"uv": [10.5, 5, 7, 8.5], "texture": "#0"}
			}
		},
		{
			"name": "hat_top",
			"from": [2, 1, 2],
			"to": [14, 9, 14],
			"rotation": {"angle": 0, "axis": "y", "origin": [1, 0, 0]},
			"faces": {
				"north": {"uv": [3, 11.75, 6, 13.75], "texture": "#0"},
				"east": {"uv": [0, 11.75, 3, 13.75], "texture": "#0"},
				"south": {"uv": [9, 11.75, 12, 13.75], "texture": "#0"},
				"west": {"uv": [6, 11.75, 9, 13.75], "texture": "#0"},
				"up": {"uv": [6, 11.75, 3, 8.75], "texture": "#0"},
				"down": {"uv": [9, 8.75, 6, 11.75], "texture": "#0"}
			}
		}
	],
	"gui_light": "front",
	"display": {
		"thirdperson_righthand": {
			"translation": [0, 2.5, 0.25],
			"scale": [0.5, 0.5, 0.5]
		},
		"thirdperson_lefthand": {
			"translation": [0, 2.5, 0.25],
			"scale": [0.5, 0.5, 0.5]
		},
		"firstperson_righthand": {
			"rotation": [0, 0, 25],
			"translation": [2, 1.25, -0.5],
			"scale": [0.5, 0.5, 0.5]
		},
		"firstperson_lefthand": {
			"rotation": [0, 0, 25],
			"translation": [2, 1.25, -0.5],
			"scale": [0.5, 0.5, 0.5]
		},
		"ground": {
			"translation": [0, 2.5, 0],
			"scale": [0.5, 0.5, 0.5]
		},
		"gui": {
			"rotation": [30, -30, 0],
			"translation": [0, 2.25, 0],
			"scale": [0.7, 0.7, 0.7]
		},
		"head": {
			"rotation": [8.5, 0, 0],
			"translation": [0, 12.75, 1.75],
			"scale": [1.4, 1.4, 1.4]
		},
		"fixed": {
			"rotation": [-90, 0, 0],
			"translation": [0, 0, -9.5],
			"scale": [1.2, 1.2, 1.2]
		}
	},
	"groups": [
		{
			"name": "main",
			"origin": [8, 8, 8],
			"color": 0,
			"children": [0, 1, 2]
		}
	]
}