{
    "parent": "item/generated",
    "textures": {
        "layer0": "item/pack1/dante_inferno"
    },
	"display": {
        "thirdperson_righthand": {
            "rotation": [ 12, 90, 29 ],
            "translation": [ 0, 9.25, 0.5 ],
            "scale": [ 1.5, 1.5, 0.85 ]
        },
        "thirdperson_lefthand": {
            "rotation": [ -12, -90, -59 ],
            "translation": [ 0, 9.25, 1.75 ],
            "scale": [ 1.5, 1.5, 0.85 ]
        },
        "firstperson_righthand": {
            "rotation": [ 0, 90, 60 ],
            "translation": [ 1.13, 6.25, 1.13 ],
            "scale": [ 1.1, 1.1, 0.68 ]
        },
        "firstperson_lefthand": {
            "rotation": [ 0, -90, -60 ],
            "translation": [ 1.75, 6.25, 1.13 ],
            "scale": [ 1.1, 1.1, 0.68 ]
        },
		"fixed": {
			"rotation": [0, 180, 0]
		}
    }
}
