{
	"parent": "item/generated",
	"textures": {
	  "layer0": "item/pack1/blades_blade"
	},
	"display": {
		"thirdperson_righthand": {
			"rotation": [45, 90, 0],
			"translation": [0, 9.25, 2],
			"scale": [1.5, 1.5, 0.9]
		},
		"thirdperson_lefthand": {
			"rotation": [45, -90, 0],
			"translation": [0, 9.25, 2],
			"scale": [1.5, 1.5, 0.9]
		},
		"firstperson_righthand": {
			"rotation": [65, 75, -45],
			"translation": [6.75, 4.5, -3],
			"scale": [1.5, 1.5, 0.9]
		},
		"firstperson_lefthand": {
			"rotation": [-25, -75, -45],
			"translation": [6.75, 4.5, -3.5],
			"scale": [1.5, 1.5, 0.9]
		},
		"ground": {
			"scale": [1, 1, 0.7]
		},
		"fixed": {
			"translation": [0, 0, -0.75],
			"scale": [2.5, 2.5, 1]
		}
	}
}