{
	"credit": "Made with Blockbench",
	"texture_size": [128, 128],
	"textures": {
		"2": "nocsy/nocsy_fairy_drakonin_fall_icon",
		"particle": "nocsy/nocsy_fairy_drakonin_fall_icon"
	},
	"elements": [
		{
			"from": [4.5, -8, 3.5],
			"to": [11.5, -1, 11.5],
			"rotation": {"angle": 0, "axis": "y", "origin": [5.5, -16, 4.5]},
			"faces": {
				"north": {"uv": [3.5, 5.25, 4.375, 6.125], "texture": "#2"},
				"east": {"uv": [4.25, 2.5, 5.25, 3.375], "texture": "#2"},
				"south": {"uv": [5.375, 2.5, 6.25, 3.375], "texture": "#2"},
				"west": {"uv": [5, 3.5, 6, 4.375], "texture": "#2"},
				"up": {"uv": [5.875, 5.5, 5, 4.5], "texture": "#2"},
				"down": {"uv": [3.375, 5.25, 2.5, 6.25], "texture": "#2"}
			}
		},
		{
			"from": [6, -7, 0.5],
			"to": [10, -5, 3.5],
			"rotation": {"angle": 0, "axis": "y", "origin": [5.5, -16, 4.5]},
			"faces": {
				"north": {"uv": [7.375, 3.875, 7.875, 4.125], "texture": "#2"},
				"east": {"uv": [4.5, 5.25, 4.875, 5.5], "texture": "#2"},
				"south": {"uv": [7.375, 5.75, 7.875, 6], "texture": "#2"},
				"west": {"uv": [0, 7.5, 0.375, 7.75], "texture": "#2"},
				"up": {"uv": [4.75, 3.875, 4.25, 3.5], "texture": "#2"},
				"down": {"uv": [6.25, 6.625, 5.75, 7], "texture": "#2"}
			}
		},
		{
			"from": [3.5, -7, 4.5],
			"to": [12.5, -5, 8.5],
			"rotation": {"angle": 0, "axis": "y", "origin": [5.5, -16, 9.5]},
			"faces": {
				"north": {"uv": [6.125, 4.125, 7.25, 4.375], "texture": "#2"},
				"east": {"uv": [7.375, 6.125, 7.875, 6.375], "texture": "#2"},
				"south": {"uv": [5.75, 6.25, 6.875, 6.5], "texture": "#2"},
				"west": {"uv": [7.5, 4.25, 8, 4.5], "texture": "#2"},
				"up": {"uv": [5.625, 6.125, 4.5, 5.625], "texture": "#2"},
				"down": {"uv": [6.875, 5.625, 5.75, 6.125], "texture": "#2"}
			}
		},
		{
			"from": [6.5, -6.34985, 1.7685],
			"to": [9.5, -4.34985, 4.7685],
			"rotation": {"angle": -22.5, "axis": "x", "origin": [8, -5.34985, 3.2685]},
			"faces": {
				"north": {"uv": [7.5, 4.625, 7.875, 4.875], "texture": "#2"},
				"east": {"uv": [7.5, 5, 7.875, 5.25], "texture": "#2"},
				"south": {"uv": [6.125, 7.5, 6.5, 7.75], "texture": "#2"},
				"west": {"uv": [6.625, 7.5, 7, 7.75], "texture": "#2"},
				"up": {"uv": [2.875, 3.875, 2.5, 3.5], "texture": "#2"},
				"down": {"uv": [3, 7.25, 2.625, 7.625], "texture": "#2"}
			}
		},
		{
			"from": [6.5, -8.025, 1],
			"to": [9.5, -7, 6],
			"rotation": {"angle": 0, "axis": "y", "origin": [5.5, -16, 4.5]},
			"faces": {
				"north": {"uv": [6.875, 3.875, 7.25, 4], "texture": "#2"},
				"east": {"uv": [5.5, 2.25, 6.125, 2.375], "texture": "#2"},
				"south": {"uv": [7.875, 7.75, 8.25, 7.875], "texture": "#2"},
				"west": {"uv": [7.625, 2.75, 8.25, 2.875], "texture": "#2"},
				"up": {"uv": [0.875, 7.25, 0.5, 6.625], "texture": "#2"},
				"down": {"uv": [1.375, 6.625, 1, 7.25], "texture": "#2"}
			}
		},
		{
			"from": [4, -3.75, 3],
			"to": [7, -2.75, 6],
			"rotation": {"angle": -22.5, "axis": "x", "origin": [5, -3.5, 4.5]},
			"faces": {
				"north": {"uv": [8, 0, 8.375, 0.125], "texture": "#2"},
				"east": {"uv": [8, 0.25, 8.375, 0.375], "texture": "#2"},
				"south": {"uv": [8, 0.5, 8.375, 0.625], "texture": "#2"},
				"west": {"uv": [8, 0.75, 8.375, 0.875], "texture": "#2"},
				"up": {"uv": [7.625, 3.375, 7.25, 3], "texture": "#2"},
				"down": {"uv": [4.25, 7.25, 3.875, 7.625], "texture": "#2"}
			}
		},
		{
			"from": [9, -3.75, 3],
			"to": [12, -2.75, 6],
			"rotation": {"angle": -22.5, "axis": "x", "origin": [11, -3.5, 4.5]},
			"faces": {
				"north": {"uv": [8, 1, 8.375, 1.125], "texture": "#2"},
				"east": {"uv": [8, 1.25, 8.375, 1.375], "texture": "#2"},
				"south": {"uv": [8, 1.5, 8.375, 1.625], "texture": "#2"},
				"west": {"uv": [8, 1.75, 8.375, 1.875], "texture": "#2"},
				"up": {"uv": [4.75, 7.625, 4.375, 7.25], "texture": "#2"},
				"down": {"uv": [5.25, 7.25, 4.875, 7.625], "texture": "#2"}
			}
		},
		{
			"from": [4, -2.5, 6.5],
			"to": [7, 3.5, 9.5],
			"rotation": {"angle": 22.5, "axis": "z", "origin": [5.5, -1, 8]},
			"faces": {
				"north": {"uv": [6.375, 0, 6.75, 0.75], "texture": "#2"},
				"east": {"uv": [6.375, 0.875, 6.75, 1.625], "texture": "#2"},
				"south": {"uv": [6.375, 1.75, 6.75, 2.5], "texture": "#2"},
				"west": {"uv": [2.5, 6.375, 2.875, 7.125], "texture": "#2"},
				"up": {"uv": [7.5, 7.625, 7.125, 7.25], "texture": "#2"},
				"down": {"uv": [0.875, 7.375, 0.5, 7.75], "texture": "#2"}
			}
		},
		{
			"from": [1.62359, 1.41969, 8],
			"to": [7.62359, 9.41969, 8],
			"rotation": {"angle": 22.5, "axis": "x", "origin": [7.12359, 2.91969, 8]},
			"faces": {
				"north": {"uv": [0, 5.5, 0.75, 6.5], "texture": "#2"},
				"east": {"uv": [1.875, 7.875, 1.875, 8.875], "texture": "#2"},
				"south": {"uv": [5.5, 0, 6.25, 1], "texture": "#2"},
				"west": {"uv": [2.25, 8, 2.25, 9], "texture": "#2"},
				"up": {"uv": [8.375, 3.75, 7.625, 3.75], "texture": "#2"},
				"down": {"uv": [8.75, 2, 8, 2], "texture": "#2"}
			}
		},
		{
			"from": [0.16374, 1.73148, 7.25],
			"to": [5.16374, 3.73148, 9.25],
			"rotation": {"angle": 0, "axis": "y", "origin": [3.66374, 2.73148, 8.25]},
			"faces": {
				"north": {"uv": [6.875, 3.5, 7.5, 3.75], "texture": "#2"},
				"east": {"uv": [4, 7.75, 4.25, 8], "texture": "#2"},
				"south": {"uv": [3.875, 6.875, 4.5, 7.125], "texture": "#2"},
				"west": {"uv": [4.375, 7.75, 4.625, 8], "texture": "#2"},
				"up": {"uv": [5.25, 7.125, 4.625, 6.875], "texture": "#2"},
				"down": {"uv": [7.625, 5.375, 7, 5.625], "texture": "#2"}
			}
		},
		{
			"from": [-0.48536, 2.99475, 7.5],
			"to": [1.51464, 8.99475, 9.5],
			"rotation": {"angle": 22.5, "axis": "z", "origin": [3.01464, 3.99475, 8.5]},
			"faces": {
				"north": {"uv": [6.375, 6.625, 6.625, 7.375], "texture": "#2"},
				"east": {"uv": [6.75, 4.5, 7, 5.25], "texture": "#2"},
				"south": {"uv": [6.75, 6.625, 7, 7.375], "texture": "#2"},
				"west": {"uv": [6.875, 0, 7.125, 0.75], "texture": "#2"},
				"up": {"uv": [5, 8, 4.75, 7.75], "texture": "#2"},
				"down": {"uv": [8, 5.375, 7.75, 5.625], "texture": "#2"}
			}
		},
		{
			"name": "flat",
			"from": [-10.48536, 2.99475, 7.5],
			"to": [0.51464, 15.99475, 7.5],
			"rotation": {"angle": 22.5, "axis": "y", "origin": [3.01464, 3.99475, 8.5]},
			"faces": {
				"north": {"uv": [0, 0, 1.375, 1.625], "texture": "#2"},
				"east": {"uv": [2.375, 8, 2.375, 9.625], "texture": "#2"},
				"south": {"uv": [1.5, 0, 2.875, 1.625], "texture": "#2"},
				"west": {"uv": [2.5, 8, 2.5, 9.625], "texture": "#2"},
				"up": {"uv": [9.375, 2.125, 8, 2.125], "texture": "#2"},
				"down": {"uv": [9.375, 2.25, 8, 2.25], "texture": "#2"}
			}
		},
		{
			"from": [-2.01609, 5.85925, 7.75],
			"to": [-0.01609, 10.85925, 9.75],
			"rotation": {"angle": -22.5, "axis": "z", "origin": [1.48391, 6.85925, 8.75]},
			"faces": {
				"north": {"uv": [5.375, 6.875, 5.625, 7.5], "texture": "#2"},
				"east": {"uv": [7, 5.75, 7.25, 6.375], "texture": "#2"},
				"south": {"uv": [7.125, 4.5, 7.375, 5.125], "texture": "#2"},
				"west": {"uv": [5.75, 7.125, 6, 7.75], "texture": "#2"},
				"up": {"uv": [7.375, 8, 7.125, 7.75], "texture": "#2"},
				"down": {"uv": [7.75, 7.75, 7.5, 8], "texture": "#2"}
			}
		},
		{
			"from": [-1.01609, 9.85925, 8],
			"to": [0.98391, 12.85925, 10],
			"rotation": {"angle": -22.5, "axis": "z", "origin": [1.48391, 6.85925, 9]},
			"faces": {
				"north": {"uv": [3.125, 7.25, 3.375, 7.625], "texture": "#2"},
				"east": {"uv": [7.625, 0.75, 7.875, 1.125], "texture": "#2"},
				"south": {"uv": [7.625, 1.25, 7.875, 1.625], "texture": "#2"},
				"west": {"uv": [7.625, 1.75, 7.875, 2.125], "texture": "#2"},
				"up": {"uv": [0.25, 8.125, 0, 7.875], "texture": "#2"},
				"down": {"uv": [0.625, 7.875, 0.375, 8.125], "texture": "#2"}
			}
		},
		{
			"from": [3.7706, 11.29149, 8.75],
			"to": [4.7706, 16.29149, 9.75],
			"rotation": {"angle": 22.5, "axis": "z", "origin": [0.7706, 8.29149, 8.5]},
			"faces": {
				"north": {"uv": [2.25, 6.5, 2.375, 7.125], "texture": "#2"},
				"east": {"uv": [1.5, 6.625, 1.625, 7.25], "texture": "#2"},
				"south": {"uv": [2, 7.375, 2.125, 8], "texture": "#2"},
				"west": {"uv": [3, 7.75, 3.125, 8.375], "texture": "#2"},
				"up": {"uv": [6.875, 5.5, 6.75, 5.375], "texture": "#2"},
				"down": {"uv": [6.25, 7.125, 6.125, 7.25], "texture": "#2"}
			}
		},
		{
			"from": [1.7706, 10.29149, 9.25],
			"to": [10.7706, 25.29149, 9.25],
			"rotation": {"angle": 22.5, "axis": "z", "origin": [0.7706, 8.29149, 8.5]},
			"faces": {
				"north": {"uv": [3, 0, 4.125, 1.875], "texture": "#2"},
				"east": {"uv": [5.125, 8, 5.125, 9.875], "texture": "#2"},
				"south": {"uv": [3, 2, 4.125, 3.875], "texture": "#2"},
				"west": {"uv": [5.25, 8, 5.25, 9.875], "texture": "#2"},
				"up": {"uv": [9.125, 2.375, 8, 2.375], "texture": "#2"},
				"down": {"uv": [9.125, 2.5, 8, 2.5], "texture": "#2"}
			}
		},
		{
			"from": [9, -2.5, 6.5],
			"to": [12, 3.5, 9.5],
			"rotation": {"angle": -22.5, "axis": "z", "origin": [10.5, -1, 8]},
			"faces": {
				"north": {"uv": [6.375, 2.625, 6.75, 3.375], "texture": "#2"},
				"east": {"uv": [3, 6.375, 3.375, 7.125], "texture": "#2"},
				"south": {"uv": [1.75, 6.5, 2.125, 7.25], "texture": "#2"},
				"west": {"uv": [0, 6.625, 0.375, 7.375], "texture": "#2"},
				"up": {"uv": [1.375, 7.75, 1, 7.375], "texture": "#2"},
				"down": {"uv": [1.875, 7.375, 1.5, 7.75], "texture": "#2"}
			}
		},
		{
			"from": [8.37641, 1.41969, 8],
			"to": [14.37641, 9.41969, 8],
			"rotation": {"angle": 22.5, "axis": "x", "origin": [8.87641, 2.91969, 8]},
			"faces": {
				"north": {"uv": [0.875, 5.5, 1.625, 6.5], "texture": "#2"},
				"east": {"uv": [7.875, 8, 7.875, 9], "texture": "#2"},
				"south": {"uv": [5.5, 1.125, 6.25, 2.125], "texture": "#2"},
				"west": {"uv": [8, 8, 8, 9], "texture": "#2"},
				"up": {"uv": [8.75, 2.625, 8, 2.625], "texture": "#2"},
				"down": {"uv": [8.75, 3, 8, 3], "texture": "#2"}
			}
		},
		{
			"from": [10.83626, 1.73148, 7.25],
			"to": [15.83626, 3.73148, 9.25],
			"rotation": {"angle": 0, "axis": "y", "origin": [12.33626, 2.73148, 8.25]},
			"faces": {
				"north": {"uv": [7.125, 6.5, 7.75, 6.75], "texture": "#2"},
				"east": {"uv": [0.75, 7.875, 1, 8.125], "texture": "#2"},
				"south": {"uv": [7.125, 6.875, 7.75, 7.125], "texture": "#2"},
				"west": {"uv": [1.125, 7.875, 1.375, 8.125], "texture": "#2"},
				"up": {"uv": [7.875, 0.25, 7.25, 0], "texture": "#2"},
				"down": {"uv": [7.875, 0.375, 7.25, 0.625], "texture": "#2"}
			}
		},
		{
			"from": [14.48536, 2.99475, 7.5],
			"to": [16.48536, 8.99475, 9.5],
			"rotation": {"angle": -22.5, "axis": "z", "origin": [12.98536, 3.99475, 8.5]},
			"faces": {
				"north": {"uv": [6.875, 0.875, 7.125, 1.625], "texture": "#2"},
				"east": {"uv": [6.875, 1.75, 7.125, 2.5], "texture": "#2"},
				"south": {"uv": [6.875, 2.625, 7.125, 3.375], "texture": "#2"},
				"west": {"uv": [3.5, 6.875, 3.75, 7.625], "texture": "#2"},
				"up": {"uv": [1.75, 8.125, 1.5, 7.875], "texture": "#2"},
				"down": {"uv": [6, 7.875, 5.75, 8.125], "texture": "#2"}
			}
		},
		{
			"name": "flat",
			"from": [15.48536, 2.99475, 7.5],
			"to": [26.48536, 15.99475, 7.5],
			"rotation": {"angle": -22.5, "axis": "y", "origin": [12.98536, 3.99475, 8.5]},
			"faces": {
				"north": {"uv": [0, 1.75, 1.375, 3.375], "texture": "#2"},
				"east": {"uv": [2, 8.125, 2, 9.75], "texture": "#2"},
				"south": {"uv": [1.5, 1.75, 2.875, 3.375], "texture": "#2"},
				"west": {"uv": [2.125, 8.125, 2.125, 9.75], "texture": "#2"},
				"up": {"uv": [9.375, 3.125, 8, 3.125], "texture": "#2"},
				"down": {"uv": [9.375, 3.25, 8, 3.25], "texture": "#2"}
			}
		},
		{
			"from": [16.01609, 5.85925, 7.75],
			"to": [18.01609, 10.85925, 9.75],
			"rotation": {"angle": 22.5, "axis": "z", "origin": [14.51609, 6.85925, 8.75]},
			"faces": {
				"north": {"uv": [7.25, 0.75, 7.5, 1.375], "texture": "#2"},
				"east": {"uv": [7.25, 1.5, 7.5, 2.125], "texture": "#2"},
				"south": {"uv": [2.25, 7.25, 2.5, 7.875], "texture": "#2"},
				"west": {"uv": [7.25, 2.25, 7.5, 2.875], "texture": "#2"},
				"up": {"uv": [6.375, 8.125, 6.125, 7.875], "texture": "#2"},
				"down": {"uv": [6.75, 7.875, 6.5, 8.125], "texture": "#2"}
			}
		},
		{
			"from": [15.01609, 9.85925, 8],
			"to": [17.01609, 12.85925, 10],
			"rotation": {"angle": 22.5, "axis": "z", "origin": [14.51609, 6.85925, 9]},
			"faces": {
				"north": {"uv": [7.625, 2.25, 7.875, 2.625], "texture": "#2"},
				"east": {"uv": [5.375, 7.625, 5.625, 8], "texture": "#2"},
				"south": {"uv": [7.625, 7.25, 7.875, 7.625], "texture": "#2"},
				"west": {"uv": [2.625, 7.75, 2.875, 8.125], "texture": "#2"},
				"up": {"uv": [8.125, 6.75, 7.875, 6.5], "texture": "#2"},
				"down": {"uv": [8.125, 6.875, 7.875, 7.125], "texture": "#2"}
			}
		},
		{
			"from": [11.2294, 11.29149, 8.75],
			"to": [12.2294, 16.29149, 9.75],
			"rotation": {"angle": -22.5, "axis": "z", "origin": [15.2294, 8.29149, 8.5]},
			"faces": {
				"north": {"uv": [7.75, 3, 7.875, 3.625], "texture": "#2"},
				"east": {"uv": [3.25, 7.75, 3.375, 8.375], "texture": "#2"},
				"south": {"uv": [3.5, 7.75, 3.625, 8.375], "texture": "#2"},
				"west": {"uv": [3.75, 7.75, 3.875, 8.375], "texture": "#2"},
				"up": {"uv": [5.25, 7.875, 5.125, 7.75], "texture": "#2"},
				"down": {"uv": [7, 7.875, 6.875, 8], "texture": "#2"}
			}
		},
		{
			"from": [5.2294, 10.29149, 9.25],
			"to": [14.2294, 25.29149, 9.25],
			"rotation": {"angle": -22.5, "axis": "z", "origin": [15.2294, 8.29149, 8.5]},
			"faces": {
				"north": {"uv": [0, 3.5, 1.125, 5.375], "texture": "#2"},
				"east": {"uv": [8.125, 3.875, 8.125, 5.75], "texture": "#2"},
				"south": {"uv": [1.25, 3.5, 2.375, 5.375], "texture": "#2"},
				"west": {"uv": [4, 8.125, 4, 10], "texture": "#2"},
				"up": {"uv": [9.125, 3.375, 8, 3.375], "texture": "#2"},
				"down": {"uv": [9.125, 3.5, 8, 3.5], "texture": "#2"}
			}
		},
		{
			"from": [5.5, -1.25, 5.5],
			"to": [10.5, 5.75, 5.5],
			"rotation": {"angle": 22.5, "axis": "x", "origin": [8, 0, 5.5]},
			"faces": {
				"north": {"uv": [1.75, 5.5, 2.375, 6.375], "texture": "#2"},
				"east": {"uv": [4.125, 8.125, 4.125, 9], "texture": "#2"},
				"south": {"uv": [6, 4.5, 6.625, 5.375], "texture": "#2"},
				"west": {"uv": [4.25, 8.125, 4.25, 9], "texture": "#2"},
				"up": {"uv": [6.625, 5.5, 6, 5.5], "texture": "#2"},
				"down": {"uv": [8.625, 3.625, 8, 3.625], "texture": "#2"}
			}
		},
		{
			"name": "flat",
			"from": [-4.64645, -8, 7.14645],
			"to": [4.35355, 1, 7.14645],
			"rotation": {"angle": 45, "axis": "y", "origin": [4.85355, -4, 7.14645]},
			"faces": {
				"north": {"uv": [2.5, 4, 3.625, 5.125], "texture": "#2"},
				"east": {"uv": [4.375, 8.125, 4.375, 9.25], "texture": "#2"},
				"south": {"uv": [3.75, 4, 4.875, 5.125], "texture": "#2"},
				"west": {"uv": [4.5, 8.125, 4.5, 9.25], "texture": "#2"},
				"up": {"uv": [9.125, 5.875, 8, 5.875], "texture": "#2"},
				"down": {"uv": [9.125, 6, 8, 6], "texture": "#2"}
			}
		},
		{
			"name": "flat",
			"from": [-0.64645, -8, 4.14645],
			"to": [4.35355, -4, 4.14645],
			"rotation": {"angle": 45, "axis": "y", "origin": [4.85355, -4, 4.14645]},
			"faces": {
				"north": {"uv": [6.125, 3.5, 6.75, 4], "texture": "#2"},
				"east": {"uv": [8, 4.625, 8, 5.125], "texture": "#2"},
				"south": {"uv": [3.5, 6.25, 4.125, 6.75], "texture": "#2"},
				"west": {"uv": [4.625, 8.125, 4.625, 8.625], "texture": "#2"},
				"up": {"uv": [8.625, 6.125, 8, 6.125], "texture": "#2"},
				"down": {"uv": [8.625, 6.25, 8, 6.25], "texture": "#2"}
			}
		},
		{
			"name": "flat",
			"from": [11.64645, -8, 4.14645],
			"to": [16.64645, -4, 4.14645],
			"rotation": {"angle": -45, "axis": "y", "origin": [11.14645, -4, 4.14645]},
			"faces": {
				"north": {"uv": [4.25, 6.25, 4.875, 6.75], "texture": "#2"},
				"east": {"uv": [4.75, 8.125, 4.75, 8.625], "texture": "#2"},
				"south": {"uv": [5, 6.25, 5.625, 6.75], "texture": "#2"},
				"west": {"uv": [4.875, 8.125, 4.875, 8.625], "texture": "#2"},
				"up": {"uv": [8.625, 6.375, 8, 6.375], "texture": "#2"},
				"down": {"uv": [8.625, 7.25, 8, 7.25], "texture": "#2"}
			}
		},
		{
			"name": "flat",
			"from": [11.64645, -8, 7.14645],
			"to": [20.64645, 1, 7.14645],
			"rotation": {"angle": -45, "axis": "y", "origin": [11.14645, -4, 7.14645]},
			"faces": {
				"north": {"uv": [4.25, 0, 5.375, 1.125], "texture": "#2"},
				"east": {"uv": [5, 8.125, 5, 9.25], "texture": "#2"},
				"south": {"uv": [4.25, 1.25, 5.375, 2.375], "texture": "#2"},
				"west": {"uv": [5.375, 8.125, 5.375, 9.25], "texture": "#2"},
				"up": {"uv": [9.125, 7.375, 8, 7.375], "texture": "#2"},
				"down": {"uv": [9.125, 7.5, 8, 7.5], "texture": "#2"}
			}
		}
	],
	"gui_light": "front",
	"display": {
		"thirdperson_righthand": {
			"translation": [0, 6.75, 0],
			"scale": [0.5, 0.5, 0.5]
		},
		"thirdperson_lefthand": {
			"translation": [0, 6.75, 0],
			"scale": [0.5, 0.5, 0.5]
		},
		"ground": {
			"translation": [0, 3.25, 0],
			"scale": [0.5, 0.5, 0.5]
		},
		"gui": {
			"rotation": [-176.34, 30.66, -165.23],
			"translation": [0, -0.25, 0],
			"scale": [0.45, 0.45, 0.45]
		},
		"head": {
			"translation": [0, 19, 0],
			"scale": [1.61, 1.61, 1.61]
		},
		"fixed": {
			"rotation": [-30.5, 0, 0],
			"translation": [0, 8, -8.5]
		}
	},
	"groups": [
		{
			"name": "h_head",
			"origin": [8, -6.5, 8.5],
			"color": 0,
			"children": [
				0,
				1,
				2,
				3,
				4,
				5,
				6,
				{
					"name": "horn_right",
					"origin": [5.7706, -1.70851, 8.5],
					"color": 0,
					"children": [7, 8, 9, 10, 11, 12, 13, 14, 15]
				},
				{
					"name": "horn_left",
					"origin": [10.2294, -1.70851, 8.5],
					"color": 0,
					"children": [16, 17, 18, 19, 20, 21, 22, 23, 24]
				},
				25,
				26,
				27,
				28,
				29
			]
		}
	]
}