{
	"credit": "Made with Blockbench",
	"texture_size": [64, 64],
	"textures": {
		"1": "nocsy/nocsy_fluffy_ram_icon",
		"particle": "nocsy/nocsy_fluffy_ram_icon"
	},
	"elements": [
		{
			"from": [2.80364, 9.79134, 3.80605],
			"to": [8.80364, 12.79134, 10.80605],
			"rotation": {"angle": 22.5, "axis": "z", "origin": [8.80364, 10.69134, 6.80605]},
			"faces": {
				"north": {"uv": [0, 7.75, 1.5, 8.5], "texture": "#1"},
				"east": {"uv": [7, 4.5, 8.75, 5.25], "texture": "#1"},
				"south": {"uv": [7.75, 2.75, 9.25, 3.5], "texture": "#1"},
				"west": {"uv": [7, 5.5, 8.75, 6.25], "texture": "#1"},
				"up": {"uv": [1.5, 5.75, 0, 4], "texture": "#1"},
				"down": {"uv": [3.25, 5, 1.75, 6.75], "texture": "#1"}
			}
		},
		{
			"from": [7.18636, 9.78134, 3.79605],
			"to": [13.20636, 12.80134, 10.81605],
			"rotation": {"angle": -22.5, "axis": "z", "origin": [7.19636, 10.69134, 6.80605]},
			"faces": {
				"north": {"uv": [3, 7.75, 4.5, 8.5], "texture": "#1"},
				"east": {"uv": [6.25, 7, 8, 7.75], "texture": "#1"},
				"south": {"uv": [4.75, 8, 6.25, 8.75], "texture": "#1"},
				"west": {"uv": [7.75, 1.75, 9.5, 2.5], "texture": "#1"},
				"up": {"uv": [5, 6.75, 3.5, 5], "texture": "#1"},
				"down": {"uv": [6.75, 5, 5.25, 6.75], "texture": "#1"}
			}
		},
		{
			"from": [5.71716, 6.8, 4.16799],
			"to": [7.01716, 8, 4.16799],
			"rotation": {"angle": 0, "axis": "y", "origin": [6.11716, 7.8, 6.06799]},
			"faces": {
				"north": {"uv": [0.5, 11.75, 0.8125, 12.0625], "texture": "#1"},
				"east": {"uv": [3, 4, 3, 4.3125], "texture": "#1"},
				"south": {"uv": [1.25, 11.75, 1.5625, 12.0625], "texture": "#1"},
				"west": {"uv": [2, 10, 2, 10.3125], "texture": "#1"},
				"up": {"uv": [5.0625, 7.75, 4.75, 7.75], "texture": "#1"},
				"down": {"uv": [5.8125, 7.75, 5.5, 7.75], "texture": "#1"}
			}
		},
		{
			"from": [8.98284, 6.8, 4.16799],
			"to": [10.28284, 8, 4.16799],
			"rotation": {"angle": 0, "axis": "y", "origin": [9.88284, 7.8, 6.06799]},
			"faces": {
				"north": {"uv": [11.75, 1.5, 12.0625, 1.8125], "texture": "#1"},
				"east": {"uv": [3.75, 11.75, 3.75, 12.0625], "texture": "#1"},
				"south": {"uv": [11.75, 2.25, 12.0625, 2.5625], "texture": "#1"},
				"west": {"uv": [4, 11.75, 4, 12.0625], "texture": "#1"},
				"up": {"uv": [1.3125, 8.75, 1, 8.75], "texture": "#1"},
				"down": {"uv": [3.8125, 9.75, 3.5, 9.75], "texture": "#1"}
			}
		},
		{
			"from": [5.91716, 7.2, 4.06799],
			"to": [6.41716, 7.7, 4.06799],
			"rotation": {"angle": 0, "axis": "y", "origin": [6.11716, 7.8, 6.06799]},
			"faces": {
				"north": {"uv": [11.25, 4.25, 11.375, 4.375], "texture": "#1"},
				"east": {"uv": [8, 6.5, 8, 6.625], "texture": "#1"},
				"south": {"uv": [2.75, 11.75, 2.875, 11.875], "texture": "#1"},
				"west": {"uv": [8.25, 7.5, 8.25, 7.625], "texture": "#1"},
				"up": {"uv": [4.375, 8.75, 4.25, 8.75], "texture": "#1"},
				"down": {"uv": [3.125, 10.75, 3, 10.75], "texture": "#1"}
			}
		},
		{
			"from": [9.08284, 7.2, 4.06799],
			"to": [9.58284, 7.7, 4.06799],
			"rotation": {"angle": 0, "axis": "y", "origin": [9.88284, 7.8, 6.06799]},
			"faces": {
				"north": {"uv": [11.75, 3, 11.875, 3.125], "texture": "#1"},
				"east": {"uv": [6.25, 10.25, 6.25, 10.375], "texture": "#1"},
				"south": {"uv": [3.25, 11.75, 3.375, 11.875], "texture": "#1"},
				"west": {"uv": [10.5, 9.25, 10.5, 9.375], "texture": "#1"},
				"up": {"uv": [10.875, 3.5, 10.75, 3.5], "texture": "#1"},
				"down": {"uv": [11.125, 8.25, 11, 8.25], "texture": "#1"}
			}
		},
		{
			"from": [5, 4.9, 4.19398],
			"to": [11, 10.9, 7.19398],
			"rotation": {"angle": 0, "axis": "y", "origin": [4, 7.9, 8.69398]},
			"faces": {
				"north": {"uv": [0, 6, 1.5, 7.5], "texture": "#1"},
				"east": {"uv": [6.5, 8, 7.25, 9.5], "texture": "#1"},
				"south": {"uv": [6.5, 0, 8, 1.5], "texture": "#1"},
				"west": {"uv": [7.5, 8, 8.25, 9.5], "texture": "#1"},
				"up": {"uv": [9.75, 0.75, 8.25, 0], "texture": "#1"},
				"down": {"uv": [9.75, 6.5, 8.25, 7.25], "texture": "#1"}
			}
		},
		{
			"from": [6.5, 6.38715, 2.9362],
			"to": [9.5, 8.38715, 5.9362],
			"rotation": {"angle": -22.5, "axis": "x", "origin": [7, 8.38715, 7.4362]},
			"faces": {
				"north": {"uv": [8.25, 1, 9, 1.5], "texture": "#1"},
				"east": {"uv": [9.75, 2, 10.5, 2.5], "texture": "#1"},
				"south": {"uv": [10.5, 8.5, 11.25, 9], "texture": "#1"},
				"west": {"uv": [2, 10.75, 2.75, 11.25], "texture": "#1"},
				"up": {"uv": [8.5, 10.5, 7.75, 9.75], "texture": "#1"},
				"down": {"uv": [9.5, 9.75, 8.75, 10.5], "texture": "#1"}
			}
		},
		{
			"from": [7.6, 6.08715, 3.0362],
			"to": [8.4, 6.88715, 3.8362],
			"rotation": {"angle": 0, "axis": "y", "origin": [8, 6.88715, 3.4362]},
			"faces": {
				"north": {"uv": [6.5, 4.5, 6.75, 4.75], "texture": "#1"},
				"east": {"uv": [7, 6.5, 7.25, 6.75], "texture": "#1"},
				"south": {"uv": [7.5, 6.5, 7.75, 6.75], "texture": "#1"},
				"west": {"uv": [10.25, 6, 10.5, 6.25], "texture": "#1"},
				"up": {"uv": [11.25, 1.75, 11, 1.5], "texture": "#1"},
				"down": {"uv": [5.25, 11, 5, 11.25], "texture": "#1"}
			}
		},
		{
			"from": [2.5, 8.52653, 4.56717],
			"to": [5.5, 11.52653, 8.56717],
			"rotation": {"angle": -22.5, "axis": "x", "origin": [2.14358, 10.61295, 8.18107]},
			"faces": {
				"north": {"uv": [9.75, 9.75, 10.5, 10.5], "texture": "#1"},
				"east": {"uv": [1.75, 4, 2.75, 4.75], "texture": "#1"},
				"south": {"uv": [0, 10, 0.75, 10.75], "texture": "#1"},
				"west": {"uv": [8.5, 7.5, 9.5, 8.25], "texture": "#1"},
				"up": {"uv": [9.25, 9.5, 8.5, 8.5], "texture": "#1"},
				"down": {"uv": [0.75, 8.75, 0, 9.75], "texture": "#1"}
			}
		},
		{
			"from": [0.74341, 8.85355, 8.22127],
			"to": [4.74341, 11.85355, 11.22127],
			"rotation": {"angle": 22.5, "axis": "y", "origin": [2.14358, 10.61295, 8.18107]},
			"faces": {
				"north": {"uv": [3, 8.75, 4, 9.5], "texture": "#1"},
				"east": {"uv": [10, 0, 10.75, 0.75], "texture": "#1"},
				"south": {"uv": [1, 9, 2, 9.75], "texture": "#1"},
				"west": {"uv": [1, 10, 1.75, 10.75], "texture": "#1"},
				"up": {"uv": [5.25, 9.75, 4.25, 9], "texture": "#1"},
				"down": {"uv": [10, 4.5, 9, 5.25], "texture": "#1"}
			}
		},
		{
			"from": [-1.13121, 9.9209, 8.37449],
			"to": [1.86879, 11.9209, 10.37449],
			"rotation": {"angle": 45, "axis": "z", "origin": [2.14358, 10.61295, 8.18107]},
			"faces": {
				"north": {"uv": [10.75, 2, 11.5, 2.5], "texture": "#1"},
				"east": {"uv": [2.25, 9, 2.75, 9.5], "texture": "#1"},
				"south": {"uv": [10.75, 2.75, 11.5, 3.25], "texture": "#1"},
				"west": {"uv": [11.25, 3.5, 11.75, 4], "texture": "#1"},
				"up": {"uv": [7, 11.25, 6.25, 10.75], "texture": "#1"},
				"down": {"uv": [8, 10.75, 7.25, 11.25], "texture": "#1"}
			}
		},
		{
			"from": [-1.11284, 7.61764, 5.38187],
			"to": [0.88716, 9.61764, 8.38187],
			"rotation": {"angle": -22.5, "axis": "x", "origin": [2.14358, 10.61295, 8.18107]},
			"faces": {
				"north": {"uv": [2, 11.5, 2.5, 12], "texture": "#1"},
				"east": {"uv": [8.25, 10.75, 9, 11.25], "texture": "#1"},
				"south": {"uv": [5, 11.5, 5.5, 12], "texture": "#1"},
				"west": {"uv": [9.25, 10.75, 10, 11.25], "texture": "#1"},
				"up": {"uv": [11.25, 10, 10.75, 9.25], "texture": "#1"},
				"down": {"uv": [10.75, 10.75, 10.25, 11.5], "texture": "#1"}
			}
		},
		{
			"from": [-0.51284, 6.88057, 6.87716],
			"to": [0.48716, 8.88057, 9.87716],
			"rotation": {"angle": 45, "axis": "x", "origin": [2.14358, 10.61295, 8.18107]},
			"faces": {
				"north": {"uv": [9.25, 1, 9.5, 1.5], "texture": "#1"},
				"east": {"uv": [0, 11, 0.75, 11.5], "texture": "#1"},
				"south": {"uv": [9.75, 3.75, 10, 4.25], "texture": "#1"},
				"west": {"uv": [11, 0, 11.75, 0.5], "texture": "#1"},
				"up": {"uv": [11.75, 9, 11.5, 8.25], "texture": "#1"},
				"down": {"uv": [9, 11.5, 8.75, 12.25], "texture": "#1"}
			}
		},
		{
			"from": [10.5, 8.52653, 4.56717],
			"to": [13.5, 11.52653, 8.56717],
			"rotation": {"angle": -22.5, "axis": "x", "origin": [13.85642, 10.61295, 8.18107]},
			"faces": {
				"north": {"uv": [3.5, 10, 4.25, 10.75], "texture": "#1"},
				"east": {"uv": [9, 5.5, 10, 6.25], "texture": "#1"},
				"south": {"uv": [4.5, 10, 5.25, 10.75], "texture": "#1"},
				"west": {"uv": [9.5, 2.75, 10.5, 3.5], "texture": "#1"},
				"up": {"uv": [6.25, 10, 5.5, 9], "texture": "#1"},
				"down": {"uv": [10.25, 8.5, 9.5, 9.5], "texture": "#1"}
			}
		},
		{
			"from": [11.25659, 8.85355, 8.22127],
			"to": [15.25659, 11.85355, 11.22127],
			"rotation": {"angle": -22.5, "axis": "y", "origin": [13.85642, 10.61295, 8.18107]},
			"faces": {
				"north": {"uv": [9.75, 1, 10.75, 1.75], "texture": "#1"},
				"east": {"uv": [10, 6.5, 10.75, 7.25], "texture": "#1"},
				"south": {"uv": [2.25, 9.75, 3.25, 10.5], "texture": "#1"},
				"west": {"uv": [10.25, 3.75, 11, 4.5], "texture": "#1"},
				"up": {"uv": [7.5, 10.5, 6.5, 9.75], "texture": "#1"},
				"down": {"uv": [10.75, 7.5, 9.75, 8.25], "texture": "#1"}
			}
		},
		{
			"from": [14.13121, 9.9209, 8.37449],
			"to": [17.13121, 11.9209, 10.37449],
			"rotation": {"angle": -45, "axis": "z", "origin": [13.85642, 10.61295, 8.18107]},
			"faces": {
				"north": {"uv": [11, 0.75, 11.75, 1.25], "texture": "#1"},
				"east": {"uv": [5.75, 11.5, 6.25, 12], "texture": "#1"},
				"south": {"uv": [1, 11, 1.75, 11.5], "texture": "#1"},
				"west": {"uv": [6.5, 11.5, 7, 12], "texture": "#1"},
				"up": {"uv": [3.75, 11.5, 3, 11], "texture": "#1"},
				"down": {"uv": [4.75, 11, 4, 11.5], "texture": "#1"}
			}
		},
		{
			"from": [15.11284, 7.61764, 5.38187],
			"to": [17.11284, 9.61764, 8.38187],
			"rotation": {"angle": -22.5, "axis": "x", "origin": [13.85642, 10.61295, 8.18107]},
			"faces": {
				"north": {"uv": [7.25, 11.5, 7.75, 12], "texture": "#1"},
				"east": {"uv": [11, 4.75, 11.75, 5.25], "texture": "#1"},
				"south": {"uv": [8, 11.5, 8.5, 12], "texture": "#1"},
				"west": {"uv": [11, 5.5, 11.75, 6], "texture": "#1"},
				"up": {"uv": [11.5, 7, 11, 6.25], "texture": "#1"},
				"down": {"uv": [11.5, 7.25, 11, 8], "texture": "#1"}
			}
		},
		{
			"from": [15.51284, 6.88057, 6.87716],
			"to": [16.51284, 8.88057, 9.87716],
			"rotation": {"angle": 45, "axis": "x", "origin": [13.85642, 10.61295, 8.18107]},
			"faces": {
				"north": {"uv": [9.75, 11.5, 10, 12], "texture": "#1"},
				"east": {"uv": [11, 10.25, 11.75, 10.75], "texture": "#1"},
				"south": {"uv": [0, 11.75, 0.25, 12.25], "texture": "#1"},
				"west": {"uv": [11, 11, 11.75, 11.5], "texture": "#1"},
				"up": {"uv": [9.5, 12.25, 9.25, 11.5], "texture": "#1"},
				"down": {"uv": [11.75, 9.25, 11.5, 10], "texture": "#1"}
			}
		},
		{
			"from": [2, 1.8, 7.06799],
			"to": [14, 8.8, 11.06799],
			"rotation": {"angle": 22.5, "axis": "x", "origin": [8, 7.8, 9.56799]},
			"faces": {
				"north": {"uv": [0, 0, 3, 1.75], "texture": "#1"},
				"east": {"uv": [6.5, 1.75, 7.5, 3.5], "texture": "#1"},
				"south": {"uv": [0, 2, 3, 3.75], "texture": "#1"},
				"west": {"uv": [1.75, 7, 2.75, 8.75], "texture": "#1"},
				"up": {"uv": [6.25, 1, 3.25, 0], "texture": "#1"},
				"down": {"uv": [6.25, 1.25, 3.25, 2.25], "texture": "#1"}
			}
		},
		{
			"from": [2, 8.8, 9.06799],
			"to": [14, 12.8, 11.06799],
			"rotation": {"angle": 22.5, "axis": "x", "origin": [8, 7.8, 9.56799]},
			"faces": {
				"north": {"uv": [3.25, 2.5, 6.25, 3.5], "texture": "#1"},
				"east": {"uv": [10.25, 4.75, 10.75, 5.75], "texture": "#1"},
				"south": {"uv": [3.25, 3.75, 6.25, 4.75], "texture": "#1"},
				"west": {"uv": [5.5, 10.25, 6, 11.25], "texture": "#1"},
				"up": {"uv": [9.5, 4.25, 6.5, 3.75], "texture": "#1"},
				"down": {"uv": [6, 7, 3, 7.5], "texture": "#1"}
			}
		}
	],
	"gui_light": "front",
	"display": {
		"gui": {
			"rotation": [-171.13, 31.94, 175.25],
			"scale": [0.88, 0.88, 0.88]
		}
	},
	"groups": [
		{
			"name": "h_head",
			"origin": [7, 7.8, 8.16799],
			"rotation": [5, 0, 0],
			"color": 0,
			"children": [
				0,
				1,
				2,
				3,
				4,
				5,
				6,
				7,
				8,
				{
					"name": "h_horn_right",
					"origin": [3.84358, 11.20355, 8.44446],
					"rotation": [-16.13131, -22.92945, 29.11898],
					"color": 0,
					"children": [9, 10, 11, 12, 13]
				},
				{
					"name": "h_horn_right",
					"origin": [3.84358, 11.20355, 8.44446],
					"rotation": [-16.13131, -22.92945, 29.11898],
					"color": 0,
					"children": [14, 15, 16, 17, 18]
				},
				19,
				20
			]
		}
	]
}