{
	"credit": "Made with Blockbench",
	"texture_size": [64, 64],
	"textures": {
		"2": "nocsy/nocsy_halloween_bat_icon"
	},
	"elements": [
		{
			"from": [6.91051, 13.57041, 7.38685],
			"to": [6.96051, 19.57041, 11.38685],
			"rotation": {"angle": 22.5, "axis": "z", "origin": [7.13157, 14.463, 9.81572]},
			"faces": {
				"north": {"uv": [0, 9, 0.25, 10.5], "texture": "#2"},
				"east": {"uv": [0, 6, 1, 7.5], "texture": "#2"},
				"south": {"uv": [0.5, 9, 0.75, 10.5], "texture": "#2"},
				"west": {"uv": [3.5, 2.5, 4.5, 4], "texture": "#2"},
				"up": {"uv": [7.5, 6, 7.25, 5], "texture": "#2"},
				"down": {"uv": [3.75, 9.75, 3.5, 10.75], "texture": "#2"}
			}
		},
		{
			"from": [2.9828, 13.57041, 11.008],
			"to": [6.9828, 19.57041, 11.058],
			"rotation": {"angle": 22.5, "axis": "z", "origin": [7.13157, 14.463, 9.81572]},
			"faces": {
				"north": {"uv": [1.25, 6, 2.25, 7.5], "texture": "#2"},
				"east": {"uv": [1, 9, 1.25, 10.5], "texture": "#2"},
				"south": {"uv": [3.5, 4.25, 4.5, 5.75], "texture": "#2"},
				"west": {"uv": [1.5, 9, 1.75, 10.5], "texture": "#2"},
				"up": {"uv": [4.5, 8, 3.5, 7.75], "texture": "#2"},
				"down": {"uv": [8.25, 6.25, 7.25, 6.5], "texture": "#2"}
			}
		},
		{
			"from": [9.68621, 13.83829, 7.38685],
			"to": [9.73621, 19.83829, 11.38685],
			"rotation": {"angle": -22.5, "axis": "z", "origin": [8.86843, 14.463, 9.81572]},
			"faces": {
				"north": {"uv": [2, 9, 2.25, 10.5], "texture": "#2"},
				"east": {"uv": [2.5, 6, 3.5, 7.5], "texture": "#2"},
				"south": {"uv": [2.5, 9, 2.75, 10.5], "texture": "#2"},
				"west": {"uv": [3.75, 6, 4.75, 7.5], "texture": "#2"},
				"up": {"uv": [4.25, 10.75, 4, 9.75], "texture": "#2"},
				"down": {"uv": [4.75, 9.75, 4.5, 10.75], "texture": "#2"}
			}
		},
		{
			"from": [9.66392, 13.83828, 11.008],
			"to": [13.66392, 19.83828, 11.058],
			"rotation": {"angle": -22.5, "axis": "z", "origin": [8.86843, 14.463, 9.81572]},
			"faces": {
				"north": {"uv": [4.75, 2.5, 5.75, 4], "texture": "#2"},
				"east": {"uv": [3, 9, 3.25, 10.5], "texture": "#2"},
				"south": {"uv": [4.75, 4.25, 5.75, 5.75], "texture": "#2"},
				"west": {"uv": [6.75, 5, 7, 6.5], "texture": "#2"},
				"up": {"uv": [6, 10, 5, 9.75], "texture": "#2"},
				"down": {"uv": [7.25, 9.75, 6.25, 10], "texture": "#2"}
			}
		},
		{
			"from": [7, 10.625, 5.29312],
			"to": [9, 12.125, 6.29312],
			"rotation": {"angle": 0, "axis": "y", "origin": [9.52, -0.315, 7.81312]},
			"faces": {
				"north": {"uv": [7.5, 6.75, 8, 7.25], "texture": "#2"},
				"east": {"uv": [7.75, 2.5, 8, 3], "texture": "#2"},
				"south": {"uv": [7.5, 9.75, 8, 10.25], "texture": "#2"},
				"west": {"uv": [7.75, 3.25, 8, 3.75], "texture": "#2"},
				"up": {"uv": [8.25, 4.25, 7.75, 4], "texture": "#2"},
				"down": {"uv": [8.25, 4.5, 7.75, 4.75], "texture": "#2"}
			}
		},
		{
			"from": [8.355, 10.925, 5.24312],
			"to": [8.855, 11.725, 5.24312],
			"rotation": {"angle": 0, "axis": "y", "origin": [9.575, -0.315, 7.81312]},
			"faces": {
				"north": {"uv": [7.75, 5, 8, 5.25], "texture": "#2"},
				"east": {"uv": [4.75, 7.75, 4.75, 8], "texture": "#2"},
				"south": {"uv": [7.75, 5.5, 8, 5.75], "texture": "#2"},
				"west": {"uv": [6.75, 7.75, 6.75, 8], "texture": "#2"},
				"up": {"uv": [3.75, 8.25, 3.5, 8.25], "texture": "#2"},
				"down": {"uv": [4.25, 8.25, 4, 8.25], "texture": "#2"}
			}
		},
		{
			"from": [7.145, 10.925, 5.24312],
			"to": [7.645, 11.725, 5.24312],
			"rotation": {"angle": 0, "axis": "y", "origin": [6.425, -0.315, 7.81312]},
			"faces": {
				"north": {"uv": [5, 10.25, 5.25, 10.5], "texture": "#2"},
				"east": {"uv": [6.5, 10.25, 6.5, 10.5], "texture": "#2"},
				"south": {"uv": [7.75, 7.5, 8, 7.75], "texture": "#2"},
				"west": {"uv": [7.75, 9, 7.75, 9.25], "texture": "#2"},
				"up": {"uv": [4.75, 8.25, 4.5, 8.25], "texture": "#2"},
				"down": {"uv": [8, 6, 7.75, 6], "texture": "#2"}
			}
		},
		{
			"from": [5, 10.395, 5.92312],
			"to": [11, 14.395, 11.92312],
			"rotation": {"angle": 0, "axis": "y", "origin": [6.59, -0.315, 7.81312]},
			"faces": {
				"north": {"uv": [5, 6, 6.5, 7], "texture": "#2"},
				"east": {"uv": [5, 7.25, 6.5, 8.25], "texture": "#2"},
				"south": {"uv": [0, 7.75, 1.5, 8.75], "texture": "#2"},
				"west": {"uv": [1.75, 7.75, 3.25, 8.75], "texture": "#2"},
				"up": {"uv": [1.5, 4, 0, 2.5], "texture": "#2"},
				"down": {"uv": [1.5, 4.25, 0, 5.75], "texture": "#2"}
			}
		},
		{
			"from": [5.617, 11.025, 5.88512],
			"to": [7.617, 14.025, 5.88512],
			"rotation": {"angle": -45, "axis": "z", "origin": [6.417, 12.525, 5.88512]},
			"faces": {
				"north": {"uv": [6, 5, 6.5, 5.75], "texture": "#2"},
				"east": {"uv": [6.75, 10.25, 6.75, 11], "texture": "#2"},
				"south": {"uv": [6.75, 6.75, 7.25, 7.5], "texture": "#2"},
				"west": {"uv": [7, 10.25, 7, 11], "texture": "#2"},
				"up": {"uv": [8.25, 9.5, 7.75, 9.5], "texture": "#2"},
				"down": {"uv": [8.5, 9, 8, 9], "texture": "#2"}
			}
		},
		{
			"from": [6.017, 11.525, 5.83512],
			"to": [6.817, 12.325, 5.83512],
			"rotation": {"angle": 45, "axis": "z", "origin": [6.317, 12.025, 5.83512]},
			"faces": {
				"north": {"uv": [5.5, 10.25, 5.75, 10.5], "texture": "#2"},
				"east": {"uv": [7.25, 10.25, 7.25, 10.5], "texture": "#2"},
				"south": {"uv": [7.75, 8, 8, 8.25], "texture": "#2"},
				"west": {"uv": [7.5, 10.5, 7.5, 10.75], "texture": "#2"},
				"up": {"uv": [8.25, 9.25, 8, 9.25], "texture": "#2"},
				"down": {"uv": [8, 10.5, 7.75, 10.5], "texture": "#2"}
			}
		},
		{
			"from": [9.183, 11.525, 5.83512],
			"to": [9.983, 12.325, 5.83512],
			"rotation": {"angle": -45, "axis": "z", "origin": [9.683, 12.025, 5.83512]},
			"faces": {
				"north": {"uv": [6, 10.25, 6.25, 10.5], "texture": "#2"},
				"east": {"uv": [0, 10.75, 0, 11], "texture": "#2"},
				"south": {"uv": [7.75, 8.5, 8, 8.75], "texture": "#2"},
				"west": {"uv": [8.25, 2.5, 8.25, 2.75], "texture": "#2"},
				"up": {"uv": [0.5, 10.75, 0.25, 10.75], "texture": "#2"},
				"down": {"uv": [8.5, 3, 8.25, 3], "texture": "#2"}
			}
		},
		{
			"from": [8.383, 11.025, 5.88512],
			"to": [10.383, 14.025, 5.88512],
			"rotation": {"angle": 45, "axis": "z", "origin": [9.583, 12.525, 5.88512]},
			"faces": {
				"north": {"uv": [7, 7.75, 7.5, 8.5], "texture": "#2"},
				"east": {"uv": [0.75, 10.75, 0.75, 11.5], "texture": "#2"},
				"south": {"uv": [7, 8.75, 7.5, 9.5], "texture": "#2"},
				"west": {"uv": [1, 10.75, 1, 11.5], "texture": "#2"},
				"up": {"uv": [8.75, 3.25, 8.25, 3.25], "texture": "#2"},
				"down": {"uv": [8.75, 3.5, 8.25, 3.5], "texture": "#2"}
			}
		},
		{
			"from": [5, 16.00715, 7.73299],
			"to": [11, 16.00715, 13.73299],
			"rotation": {"angle": -22.5, "axis": "x", "origin": [7.835, 10.65215, 10.88299]},
			"faces": {
				"north": {"uv": [1.25, 10.75, 2.75, 10.75], "texture": "#2"},
				"east": {"uv": [8.25, 3.75, 9.75, 3.75], "texture": "#2"},
				"south": {"uv": [8.25, 5, 9.75, 5], "texture": "#2"},
				"west": {"uv": [8.25, 5.25, 9.75, 5.25], "texture": "#2"},
				"up": {"uv": [3.25, 4, 1.75, 2.5], "texture": "#2"},
				"down": {"uv": [3.25, 4.25, 1.75, 5.75], "texture": "#2"}
			}
		},
		{
			"from": [3.57875, 10.395, 6.76825],
			"to": [3.57875, 14.395, 12.76825],
			"rotation": {"angle": -22.5, "axis": "y", "origin": [6.41375, 12.6, 9.91825]},
			"faces": {
				"north": {"uv": [3, 10.75, 3, 11.75], "texture": "#2"},
				"east": {"uv": [6, 2.5, 7.5, 3.5], "texture": "#2"},
				"south": {"uv": [3.25, 10.75, 3.25, 11.75], "texture": "#2"},
				"west": {"uv": [6, 3.75, 7.5, 4.75], "texture": "#2"},
				"up": {"uv": [8.25, 8.25, 8.25, 6.75], "texture": "#2"},
				"down": {"uv": [5, 10.75, 5, 12.25], "texture": "#2"}
			}
		},
		{
			"from": [12.42125, 10.395, 6.76825],
			"to": [12.42125, 14.395, 12.76825],
			"rotation": {"angle": 22.5, "axis": "y", "origin": [9.58625, 12.6, 9.91825]},
			"faces": {
				"north": {"uv": [5.25, 10.75, 5.25, 11.75], "texture": "#2"},
				"east": {"uv": [3.5, 8.5, 5, 9.5], "texture": "#2"},
				"south": {"uv": [5.5, 10.75, 5.5, 11.75], "texture": "#2"},
				"west": {"uv": [5.25, 8.5, 6.75, 9.5], "texture": "#2"},
				"up": {"uv": [5.75, 12.25, 5.75, 10.75], "texture": "#2"},
				"down": {"uv": [6, 10.75, 6, 12.25], "texture": "#2"}
			}
		}
	],
	"gui_light": "front",
	"display": {
		"gui": {
			"rotation": [-175, 26.5, -180],
			"translation": [-1.25, -9.75, 0],
			"scale": [1.5, 1.5, 1.5]
		}
	},
	"groups": [
		{
			"name": "h_head",
			"origin": [8, 11.025, 8.49062],
			"color": 0,
			"children": [
				{
					"name": "h_left_ear",
					"origin": [6.15933, 14.57822, 8.61703],
					"rotation": [3.30309, -74.99372, 26.65872],
					"color": 0,
					"children": [0, 1]
				},
				{
					"name": "h_left_ear",
					"origin": [6.15933, 14.57822, 8.61703],
					"rotation": [3.30309, -74.99372, 26.65872],
					"color": 0,
					"children": [2, 3]
				},
				4,
				5,
				6,
				7,
				8,
				9,
				10,
				11,
				12,
				13,
				14
			]
		}
	]
}