{
	"credit": "Made with Blockbench",
	"texture_size": [128, 128],
	"textures": {
		"1": "nocsy/nocsy_fairy_drakonin_icon",
		"particle": "nocsy/nocsy_fairy_drakonin_icon"
	},
	"elements": [
		{
			"from": [4.5, 3.41765, 1.02266],
			"to": [11.5, 10.41765, 9.02266],
			"rotation": {"angle": 0, "axis": "y", "origin": [8, 6.06765, 5.12888]},
			"faces": {
				"north": {"uv": [0, 5.75, 0.875, 6.625], "texture": "#1"},
				"east": {"uv": [3.5, 4.75, 4.5, 5.625], "texture": "#1"},
				"south": {"uv": [5.75, 4.625, 6.625, 5.5], "texture": "#1"},
				"west": {"uv": [4.625, 4.75, 5.625, 5.625], "texture": "#1"},
				"up": {"uv": [5.875, 4.5, 5, 3.5], "texture": "#1"},
				"down": {"uv": [6, 1.25, 5.125, 2.25], "texture": "#1"}
			}
		},
		{
			"from": [4.1, 7.80452, 0.10505],
			"to": [7.1, 9.80452, 4.10505],
			"rotation": {"angle": 22.5, "axis": "x", "origin": [6, 7.80452, 2.10505]},
			"faces": {
				"north": {"uv": [6.75, 0, 7.125, 0.25], "texture": "#1"},
				"east": {"uv": [6.25, 6.5, 6.75, 6.75], "texture": "#1"},
				"south": {"uv": [6.75, 0.375, 7.125, 0.625], "texture": "#1"},
				"west": {"uv": [6.625, 1.5, 7.125, 1.75], "texture": "#1"},
				"up": {"uv": [6.5, 2, 6.125, 1.5], "texture": "#1"},
				"down": {"uv": [6.125, 6.125, 5.75, 6.625], "texture": "#1"}
			}
		},
		{
			"from": [8.9, 7.80452, 0.10505],
			"to": [11.9, 9.80452, 4.10505],
			"rotation": {"angle": 22.5, "axis": "x", "origin": [10, 7.80452, 2.10505]},
			"faces": {
				"north": {"uv": [1.75, 6.75, 2.125, 7], "texture": "#1"},
				"east": {"uv": [6.625, 5.625, 7.125, 5.875], "texture": "#1"},
				"south": {"uv": [6.75, 1.875, 7.125, 2.125], "texture": "#1"},
				"west": {"uv": [0, 6.75, 0.5, 7], "texture": "#1"},
				"up": {"uv": [6.625, 2.625, 6.25, 2.125], "texture": "#1"},
				"down": {"uv": [6.625, 2.75, 6.25, 3.25], "texture": "#1"}
			}
		},
		{
			"from": [5.1, 6.50452, 0.95505],
			"to": [6.1, 8.50452, 0.95505],
			"rotation": {"angle": 0, "axis": "y", "origin": [6, 7.80452, 2.10505]},
			"faces": {
				"north": {"uv": [3.5, 1.75, 3.625, 2], "texture": "#1"},
				"east": {"uv": [3.375, 6.25, 3.375, 6.5], "texture": "#1"},
				"south": {"uv": [3.5, 2.125, 3.625, 2.375], "texture": "#1"},
				"west": {"uv": [1.75, 6.375, 1.75, 6.625], "texture": "#1"},
				"up": {"uv": [3.125, 2.625, 3, 2.625], "texture": "#1"},
				"down": {"uv": [3.125, 2.75, 3, 2.75], "texture": "#1"}
			}
		},
		{
			"from": [9.9, 6.50452, 0.95505],
			"to": [10.9, 8.50452, 0.95505],
			"rotation": {"angle": 0, "axis": "y", "origin": [10, 7.80452, 2.10505]},
			"faces": {
				"north": {"uv": [3.5, 2.5, 3.625, 2.75], "texture": "#1"},
				"east": {"uv": [3.375, 6.625, 3.375, 6.875], "texture": "#1"},
				"south": {"uv": [3.25, 5.875, 3.375, 6.125], "texture": "#1"},
				"west": {"uv": [2.25, 6.75, 2.25, 7], "texture": "#1"},
				"up": {"uv": [3.375, 2.625, 3.25, 2.625], "texture": "#1"},
				"down": {"uv": [3.375, 2.75, 3.25, 2.75], "texture": "#1"}
			}
		},
		{
			"from": [3.5, 6.30167, 9.22266],
			"to": [3.5, 13.30167, 17.22266],
			"rotation": {"angle": -45, "axis": "y", "origin": [4.5, 9.01765, 10.42266]},
			"faces": {
				"north": {"uv": [3.5, 6.75, 3.5, 7.625], "texture": "#1"},
				"east": {"uv": [5.125, 2.375, 6.125, 3.25], "texture": "#1"},
				"south": {"uv": [3.625, 6.75, 3.625, 7.625], "texture": "#1"},
				"west": {"uv": [5.625, 0, 6.625, 0.875], "texture": "#1"},
				"up": {"uv": [3.75, 7.75, 3.75, 6.75], "texture": "#1"},
				"down": {"uv": [3.875, 6.75, 3.875, 7.75], "texture": "#1"}
			}
		},
		{
			"from": [11.38701, 4.30167, -0.67734],
			"to": [11.38701, 13.30167, 8.32266],
			"rotation": {"angle": 22.5, "axis": "y", "origin": [10.68701, 9.01765, 8.32266]},
			"faces": {
				"north": {"uv": [4, 6.75, 4, 7.875], "texture": "#1"},
				"east": {"uv": [3.75, 3.5, 4.875, 4.625], "texture": "#1"},
				"south": {"uv": [4.125, 6.75, 4.125, 7.875], "texture": "#1"},
				"west": {"uv": [4.375, 0, 5.5, 1.125], "texture": "#1"},
				"up": {"uv": [4.25, 7.875, 4.25, 6.75], "texture": "#1"},
				"down": {"uv": [4.375, 6.75, 4.375, 7.875], "texture": "#1"}
			}
		},
		{
			"from": [4.61299, 4.30167, -0.67734],
			"to": [4.61299, 13.30167, 8.32266],
			"rotation": {"angle": -22.5, "axis": "y", "origin": [5.31299, 9.01765, 8.32266]},
			"faces": {
				"north": {"uv": [6.75, 4.375, 6.75, 5.5], "texture": "#1"},
				"east": {"uv": [1, 4.625, 2.125, 5.75], "texture": "#1"},
				"south": {"uv": [4.5, 6.75, 4.5, 7.875], "texture": "#1"},
				"west": {"uv": [2.25, 4.625, 3.375, 5.75], "texture": "#1"},
				"up": {"uv": [4.625, 7.875, 4.625, 6.75], "texture": "#1"},
				"down": {"uv": [4.75, 6.75, 4.75, 7.875], "texture": "#1"}
			}
		},
		{
			"from": [12.5, 6.30167, 9.22266],
			"to": [12.5, 13.30167, 17.22266],
			"rotation": {"angle": 45, "axis": "y", "origin": [11.5, 9.01765, 10.42266]},
			"faces": {
				"north": {"uv": [4.875, 6.75, 4.875, 7.625], "texture": "#1"},
				"east": {"uv": [3.5, 5.75, 4.5, 6.625], "texture": "#1"},
				"south": {"uv": [5, 6.75, 5, 7.625], "texture": "#1"},
				"west": {"uv": [4.625, 5.75, 5.625, 6.625], "texture": "#1"},
				"up": {"uv": [5.125, 7.75, 5.125, 6.75], "texture": "#1"},
				"down": {"uv": [5.25, 6.75, 5.25, 7.75], "texture": "#1"}
			}
		},
		{
			"from": [4.9745, 9.99071, 4.83003],
			"to": [4.9745, 31.99071, 11.43003],
			"rotation": {"angle": -45, "axis": "x", "origin": [8, 10.99071, 16.45553]},
			"faces": {
				"north": {"uv": [5.375, 6.75, 5.375, 9.5], "texture": "#1"},
				"east": {"uv": [0, 0, 0.875, 2.75], "texture": "#1"},
				"south": {"uv": [5.5, 6.75, 5.5, 9.5], "texture": "#1"},
				"west": {"uv": [1, 0, 1.875, 2.75], "texture": "#1"},
				"up": {"uv": [5.625, 7.625, 5.625, 6.75], "texture": "#1"},
				"down": {"uv": [5.75, 6.75, 5.75, 7.625], "texture": "#1"}
			}
		},
		{
			"from": [11.0255, 9.99071, 4.83003],
			"to": [11.0255, 31.99071, 11.43003],
			"rotation": {"angle": -45, "axis": "x", "origin": [8, 10.99071, 16.45553]},
			"faces": {
				"north": {"uv": [5.875, 6.75, 5.875, 9.5], "texture": "#1"},
				"east": {"uv": [2, 0, 2.875, 2.75], "texture": "#1"},
				"south": {"uv": [6, 6.75, 6, 9.5], "texture": "#1"},
				"west": {"uv": [0, 2.875, 0.875, 5.625], "texture": "#1"},
				"up": {"uv": [6.125, 7.625, 6.125, 6.75], "texture": "#1"},
				"down": {"uv": [2.375, 6.875, 2.375, 7.75], "texture": "#1"}
			}
		},
		{
			"from": [5.19548, 0.0521, 7.54447],
			"to": [5.19548, 12.6521, 17.54447],
			"rotation": {"angle": 22.5, "axis": "x", "origin": [9.19548, 11.3521, 14.54447]},
			"faces": {
				"north": {"uv": [2.5, 6.875, 2.5, 8.5], "texture": "#1"},
				"east": {"uv": [1, 2.875, 2.25, 4.5], "texture": "#1"},
				"south": {"uv": [2.625, 6.875, 2.625, 8.5], "texture": "#1"},
				"west": {"uv": [2.25, 2.875, 1, 4.5], "texture": "#1"},
				"up": {"uv": [6.875, 3.875, 6.875, 2.625], "texture": "#1"},
				"down": {"uv": [2.75, 6.875, 2.75, 8.125], "texture": "#1"}
			}
		},
		{
			"from": [10.80452, 0.0521, 7.54447],
			"to": [10.80452, 12.6521, 17.54447],
			"rotation": {"angle": 22.5, "axis": "x", "origin": [6.80452, 11.3521, 14.54447]},
			"faces": {
				"north": {"uv": [2.875, 6.875, 2.875, 8.5], "texture": "#1"},
				"east": {"uv": [3, 0, 4.25, 1.625], "texture": "#1"},
				"south": {"uv": [3, 6.875, 3, 8.5], "texture": "#1"},
				"west": {"uv": [4.25, 0, 3, 1.625], "texture": "#1"},
				"up": {"uv": [3.125, 8.125, 3.125, 6.875], "texture": "#1"},
				"down": {"uv": [3.25, 6.875, 3.25, 8.125], "texture": "#1"}
			}
		},
		{
			"from": [5.8564, 4.19484, -1.97534],
			"to": [8.8564, 7.19484, 4.02466],
			"rotation": {"angle": -45, "axis": "z", "origin": [8, 5.05124, 0.66967]},
			"faces": {
				"north": {"uv": [2.375, 6.375, 2.75, 6.75], "texture": "#1"},
				"east": {"uv": [5.75, 5.625, 6.5, 6], "texture": "#1"},
				"south": {"uv": [2.875, 6.375, 3.25, 6.75], "texture": "#1"},
				"west": {"uv": [1, 5.875, 1.75, 6.25], "texture": "#1"},
				"up": {"uv": [3.375, 2.5, 3, 1.75], "texture": "#1"},
				"down": {"uv": [2.25, 5.875, 1.875, 6.625], "texture": "#1"}
			}
		},
		{
			"from": [9.4564, 3.69484, -2.27534],
			"to": [9.4564, 6.69484, 3.72466],
			"rotation": {"angle": -22.5, "axis": "x", "origin": [9.4564, 5.19484, 0.72466]},
			"faces": {
				"north": {"uv": [6.75, 2.625, 6.75, 3], "texture": "#1"},
				"east": {"uv": [2.375, 5.875, 3.125, 6.25], "texture": "#1"},
				"south": {"uv": [6.875, 4, 6.875, 4.375], "texture": "#1"},
				"west": {"uv": [6, 3.375, 6.75, 3.75], "texture": "#1"},
				"up": {"uv": [6.875, 5.25, 6.875, 4.5], "texture": "#1"},
				"down": {"uv": [6.25, 6.875, 6.25, 7.625], "texture": "#1"}
			}
		},
		{
			"from": [6.5436, 3.69484, -2.27534],
			"to": [6.5436, 6.69484, 3.72466],
			"rotation": {"angle": -22.5, "axis": "x", "origin": [6.5436, 5.19484, 0.72466]},
			"faces": {
				"north": {"uv": [6.375, 6.875, 6.375, 7.25], "texture": "#1"},
				"east": {"uv": [6, 3.875, 6.75, 4.25], "texture": "#1"},
				"south": {"uv": [6.5, 6.875, 6.5, 7.25], "texture": "#1"},
				"west": {"uv": [6.125, 1, 6.875, 1.375], "texture": "#1"},
				"up": {"uv": [6.875, 7.25, 6.875, 6.5], "texture": "#1"},
				"down": {"uv": [6.625, 6.875, 6.625, 7.625], "texture": "#1"}
			}
		},
		{
			"from": [7.15974, 3.42118, -0.99765],
			"to": [9.15974, 5.42118, 4.00235],
			"rotation": {"angle": -45, "axis": "z", "origin": [8.35355, 4.72736, 1.25235]},
			"faces": {
				"north": {"uv": [0.625, 6.75, 0.875, 7], "texture": "#1"},
				"east": {"uv": [4.375, 1.25, 5, 1.5], "texture": "#1"},
				"south": {"uv": [6.75, 2.25, 7, 2.5], "texture": "#1"},
				"west": {"uv": [6.25, 6.125, 6.875, 6.375], "texture": "#1"},
				"up": {"uv": [1.25, 7, 1, 6.375], "texture": "#1"},
				"down": {"uv": [1.625, 6.375, 1.375, 7], "texture": "#1"}
			}
		}
	],
	"display": {
		"gui": {
			"rotation": [-159.09, 34.49, 176.2],
			"translation": [0, -0.5, 0],
			"scale": [0.8, 0.8, 0.8]
		}
	},
	"groups": [
		{
			"name": "h_head",
			"origin": [8, 3.35713, 5.59266],
			"rotation": [-21.5, 0, 0],
			"color": 0,
			"children": [
				0,
				1,
				2,
				3,
				4,
				5,
				6,
				7,
				8,
				{
					"name": "h_horn_left",
					"origin": [5.45016, 9.62491, 7.21382],
					"rotation": [-117.33313, -20.64285, 42.9911],
					"color": 0,
					"children": [9, 10, 11, 12]
				},
				{
					"name": "h_horn_right",
					"origin": [10.54984, 9.62491, 7.21382],
					"rotation": [-117.33313, 20.64285, -42.9911],
					"color": 0,
					"children": []
				},
				{
					"name": "h_nose",
					"origin": [8, 5.05124, 0.66967],
					"rotation": [-20, 0, 0],
					"color": 0,
					"children": [13, 14, 15]
				},
				16
			]
		}
	]
}