{
	"credit": "Made with Blockbench",
	"texture_size": [64, 64],
	"textures": {
		"1": "nocsy/nocsy_chibi_longear_magma_monster_icon",
		"particle": "nocsy/nocsy_chibi_longear_magma_monster_icon"
	},
	"elements": [
		{
			"from": [4.14226, 6.69115, 1.26249],
			"to": [12.14226, 11.69115, 9.26249],
			"rotation": {"angle": 45, "axis": "y", "origin": [8.14226, 7.41453, 5.46368]},
			"faces": {
				"north": {"uv": [0, 4.5, 2, 5.75], "texture": "#1"},
				"east": {"uv": [2.25, 5.25, 4.25, 6.5], "texture": "#1"},
				"south": {"uv": [4.5, 5.25, 6.5, 6.5], "texture": "#1"},
				"west": {"uv": [5.5, 3.75, 7.5, 5], "texture": "#1"},
				"up": {"uv": [2, 2, 0, 0], "texture": "#1"},
				"down": {"uv": [2, 2.25, 0, 4.25], "texture": "#1"}
			}
		},
		{
			"from": [0.15226, 9.70115, 1.27249],
			"to": [12.13226, 12.68115, 5.25249],
			"rotation": {"angle": 45, "axis": "y", "origin": [8.14226, 7.41453, 5.46368]},
			"faces": {
				"north": {"uv": [3, 6.75, 6, 7.5], "texture": "#1"},
				"east": {"uv": [4.25, 9.75, 5.25, 10.5], "texture": "#1"},
				"south": {"uv": [6.75, 5.25, 9.75, 6], "texture": "#1"},
				"west": {"uv": [5.5, 9.75, 6.5, 10.5], "texture": "#1"},
				"up": {"uv": [5.25, 5, 2.25, 4], "texture": "#1"},
				"down": {"uv": [7.25, 0, 4.25, 1], "texture": "#1"}
			}
		},
		{
			"from": [3.86874, 9.70215, 1.27349],
			"to": [15.84674, 12.68015, 5.25149],
			"rotation": {"angle": -45, "axis": "y", "origin": [7.85774, 7.41453, 5.46368]},
			"faces": {
				"north": {"uv": [6.25, 6.75, 9.25, 7.5], "texture": "#1"},
				"east": {"uv": [6.75, 9.75, 7.75, 10.5], "texture": "#1"},
				"south": {"uv": [7.5, 0, 10.5, 0.75], "texture": "#1"},
				"west": {"uv": [9.75, 9, 10.75, 9.75], "texture": "#1"},
				"up": {"uv": [7.25, 2.25, 4.25, 1.25], "texture": "#1"},
				"down": {"uv": [7.25, 2.5, 4.25, 3.5], "texture": "#1"}
			}
		},
		{
			"from": [1.16813, 6.59115, 3.81881],
			"to": [6.16813, 10.59115, 3.81881],
			"rotation": {"angle": 45, "axis": "y", "origin": [3.66813, 8.39115, 3.81881]},
			"faces": {
				"north": {"uv": [0, 8.25, 1.25, 9.25], "texture": "#1"},
				"east": {"uv": [8, 9.75, 8, 10.75], "texture": "#1"},
				"south": {"uv": [8.75, 7.75, 10, 8.75], "texture": "#1"},
				"west": {"uv": [10, 4, 10, 5], "texture": "#1"},
				"up": {"uv": [8, 6.25, 6.75, 6.25], "texture": "#1"},
				"down": {"uv": [8, 6.5, 6.75, 6.5], "texture": "#1"}
			}
		},
		{
			"from": [1.96813, 6.39115, 3.71881],
			"to": [6.96813, 10.39115, 3.71881],
			"rotation": {"angle": 45, "axis": "y", "origin": [3.66813, 8.39115, 3.81881]},
			"faces": {
				"north": {"uv": [1.5, 9, 2.75, 10], "texture": "#1"},
				"east": {"uv": [8, 9.75, 8, 10.75], "texture": "#1"},
				"south": {"uv": [8.25, 9, 9.5, 10], "texture": "#1"},
				"west": {"uv": [10, 4, 10, 5], "texture": "#1"},
				"up": {"uv": [8, 6.25, 6.75, 6.25], "texture": "#1"},
				"down": {"uv": [8, 6.5, 6.75, 6.5], "texture": "#1"}
			}
		},
		{
			"from": [9.03187, 6.39115, 3.71881],
			"to": [14.03187, 10.39115, 3.71881],
			"rotation": {"angle": -45, "axis": "y", "origin": [12.33187, 8.39115, 3.81881]},
			"faces": {
				"north": {"uv": [8.25, 9, 9.5, 10], "texture": "#1"},
				"east": {"uv": [10, 4, 10, 5], "texture": "#1"},
				"south": {"uv": [1.5, 9, 2.75, 10], "texture": "#1"},
				"west": {"uv": [8, 9.75, 8, 10.75], "texture": "#1"},
				"up": {"uv": [10.75, 7.25, 9.5, 7.25], "texture": "#1"},
				"down": {"uv": [10.75, 7.5, 9.5, 7.5], "texture": "#1"}
			}
		},
		{
			"from": [9.83187, 6.59115, 3.81881],
			"to": [14.83187, 10.59115, 3.81881],
			"rotation": {"angle": -45, "axis": "y", "origin": [12.33187, 8.39115, 3.81881]},
			"faces": {
				"north": {"uv": [8.75, 7.75, 10, 8.75], "texture": "#1"},
				"east": {"uv": [10, 4, 10, 5], "texture": "#1"},
				"south": {"uv": [0, 8.25, 1.25, 9.25], "texture": "#1"},
				"west": {"uv": [8, 9.75, 8, 10.75], "texture": "#1"},
				"up": {"uv": [10.75, 7.25, 9.5, 7.25], "texture": "#1"},
				"down": {"uv": [10.75, 7.5, 9.5, 7.5], "texture": "#1"}
			}
		},
		{
			"from": [4.01, 12.66478, 7.97403],
			"to": [7.99, 15.64478, 15.95403],
			"rotation": {"angle": -45, "axis": "x", "origin": [8, 11.15478, 12.46403]},
			"faces": {
				"north": {"uv": [3, 10, 4, 10.75], "texture": "#1"},
				"east": {"uv": [7.75, 3.25, 9.75, 4], "texture": "#1"},
				"south": {"uv": [10, 3, 11, 3.75], "texture": "#1"},
				"west": {"uv": [4.25, 7.75, 6.25, 8.5], "texture": "#1"},
				"up": {"uv": [8.5, 3, 7.5, 1], "texture": "#1"},
				"down": {"uv": [4, 7.75, 3, 9.75], "texture": "#1"}
			}
		},
		{
			"from": [7.01, 10.66478, 9.97403],
			"to": [11.99, 13.64478, 17.95403],
			"rotation": {"angle": -45, "axis": "x", "origin": [8, 11.15478, 12.46403]},
			"faces": {
				"north": {"uv": [0, 9.5, 1.25, 10.25], "texture": "#1"},
				"east": {"uv": [7.75, 4.25, 9.75, 5], "texture": "#1"},
				"south": {"uv": [9.5, 6.25, 10.75, 7], "texture": "#1"},
				"west": {"uv": [6.5, 7.75, 8.5, 8.5], "texture": "#1"},
				"up": {"uv": [1.25, 8, 0, 6], "texture": "#1"},
				"down": {"uv": [2.75, 6.75, 1.5, 8.75], "texture": "#1"}
			}
		},
		{
			"from": [4.35774, 4.73792, 2.16487],
			"to": [11.35774, 7.73792, 9.16487],
			"rotation": {"angle": 45, "axis": "y", "origin": [7.85774, 7.41453, 5.46368]},
			"faces": {
				"north": {"uv": [8.75, 1, 10.5, 1.75], "texture": "#1"},
				"east": {"uv": [8.75, 2, 10.5, 2.75], "texture": "#1"},
				"south": {"uv": [4.25, 8.75, 6, 9.5], "texture": "#1"},
				"west": {"uv": [6.25, 8.75, 8, 9.5], "texture": "#1"},
				"up": {"uv": [4, 1.75, 2.25, 0], "texture": "#1"},
				"down": {"uv": [4, 2, 2.25, 3.75], "texture": "#1"}
			}
		}
	],
	"gui_light": "front",
	"display": {
		"gui": {
			"rotation": [-166.25, 19.1, 179.22],
			"translation": [0, -2.75, 0]
		}
	},
	"groups": [
		{
			"name": "h_head",
			"origin": [8, 8.81615, 5.08749],
			"rotation": [10, 0, 0],
			"color": 0,
			"children": [0, 1, 2, 3, 4, 5, 6, 7, 8, 9]
		}
	]
}