{
	"credit": "Made with Blockbench",
	"texture_size": [64, 64],
	"textures": {
		"3": "nocsy/nocsy_chibi_gift_icon"
	},
	"elements": [
		{
			"from": [2, 8.83579, 4.5625],
			"to": [14, 12.83579, 16.5625],
			"rotation": {"angle": 0, "axis": "y", "origin": [7, 8.83579, 10.5625]},
			"faces": {
				"north": {"uv": [0, 6.5, 3, 7.5], "texture": "#3"},
				"east": {"uv": [6, 6.75, 9, 7.75], "texture": "#3"},
				"south": {"uv": [0, 7.75, 3, 8.75], "texture": "#3"},
				"west": {"uv": [3.25, 8, 6.25, 9], "texture": "#3"},
				"up": {"uv": [3, 3, 0, 0], "texture": "#3"},
				"down": {"uv": [3, 3.25, 0, 6.25], "texture": "#3"}
			}
		},
		{
			"from": [8.61313, 12.16421, 8.0625],
			"to": [12.61313, 16.16421, 13.0625],
			"rotation": {"angle": 22.5, "axis": "z", "origin": [10.61313, 14.16421, 10.5625]},
			"faces": {
				"north": {"uv": [6.75, 9.25, 7.75, 10.25], "texture": "#3"},
				"east": {"uv": [8.75, 4, 10, 5], "texture": "#3"},
				"south": {"uv": [8, 9.25, 9, 10.25], "texture": "#3"},
				"west": {"uv": [8.75, 5.25, 10, 6.25], "texture": "#3"},
				"up": {"uv": [1, 10.25, 0, 9], "texture": "#3"},
				"down": {"uv": [2.25, 9, 1.25, 10.25], "texture": "#3"}
			}
		},
		{
			"from": [3.38687, 12.16421, 8.0625],
			"to": [7.38687, 16.16421, 13.0625],
			"rotation": {"angle": -22.5, "axis": "z", "origin": [5.38687, 14.16421, 10.5625]},
			"faces": {
				"north": {"uv": [9.25, 9.25, 10.25, 10.25], "texture": "#3"},
				"east": {"uv": [2.5, 9.25, 3.75, 10.25], "texture": "#3"},
				"south": {"uv": [10, 0, 11, 1], "texture": "#3"},
				"west": {"uv": [4, 9.25, 5.25, 10.25], "texture": "#3"},
				"up": {"uv": [6.5, 10.5, 5.5, 9.25], "texture": "#3"},
				"down": {"uv": [10.25, 6.5, 9.25, 7.75], "texture": "#3"}
			}
		},
		{
			"from": [6, 9.76421, 7.0625],
			"to": [10, 13.76421, 14.0625],
			"rotation": {"angle": 0, "axis": "y", "origin": [8, 11.76421, 10.5625]},
			"faces": {
				"north": {"uv": [10, 1.25, 11, 2.25], "texture": "#3"},
				"east": {"uv": [6.5, 8, 8.25, 9], "texture": "#3"},
				"south": {"uv": [10, 2.5, 11, 3.5], "texture": "#3"},
				"west": {"uv": [8.5, 8, 10.25, 9], "texture": "#3"},
				"up": {"uv": [9.75, 1.75, 8.75, 0], "texture": "#3"},
				"down": {"uv": [9.75, 2, 8.75, 3.75], "texture": "#3"}
			}
		},
		{
			"from": [3.425, 3.83579, 5.5125],
			"to": [7.425, 7.83579, 5.5125],
			"rotation": {"angle": 0, "axis": "y", "origin": [7.425, 1.83579, 10.5125]},
			"faces": {
				"north": {"uv": [10.25, 3.75, 11.25, 4.75], "texture": "#3"},
				"east": {"uv": [4, 10.5, 4, 11.5], "texture": "#3"},
				"south": {"uv": [10.25, 5, 11.25, 6], "texture": "#3"},
				"west": {"uv": [4.25, 10.5, 4.25, 11.5], "texture": "#3"},
				"up": {"uv": [4.25, 7.75, 3.25, 7.75], "texture": "#3"},
				"down": {"uv": [5.5, 7.75, 4.5, 7.75], "texture": "#3"}
			}
		},
		{
			"from": [4.825, 4.36079, 5.4375],
			"to": [6.825, 6.36079, 5.4375],
			"rotation": {"angle": 0, "axis": "y", "origin": [5.825, 5.36079, 5.4375]},
			"faces": {
				"north": {"uv": [2.5, 10.5, 3, 11], "texture": "#3"},
				"east": {"uv": [4.5, 10.5, 4.5, 11], "texture": "#3"},
				"south": {"uv": [3.25, 10.5, 3.75, 11], "texture": "#3"},
				"west": {"uv": [4.75, 10.5, 4.75, 11], "texture": "#3"},
				"up": {"uv": [3, 9, 2.5, 9], "texture": "#3"},
				"down": {"uv": [10.75, 6.25, 10.25, 6.25], "texture": "#3"}
			}
		},
		{
			"from": [9.175, 4.36079, 5.4375],
			"to": [11.175, 6.36079, 5.4375],
			"rotation": {"angle": 0, "axis": "y", "origin": [9.175, 2.36079, 10.4375]},
			"faces": {
				"north": {"uv": [3.25, 10.5, 3.75, 11], "texture": "#3"},
				"east": {"uv": [4.75, 10.5, 4.75, 11], "texture": "#3"},
				"south": {"uv": [2.5, 10.5, 3, 11], "texture": "#3"},
				"west": {"uv": [4.5, 10.5, 4.5, 11], "texture": "#3"},
				"up": {"uv": [11, 6.5, 10.5, 6.5], "texture": "#3"},
				"down": {"uv": [7.25, 10.5, 6.75, 10.5], "texture": "#3"}
			}
		},
		{
			"from": [8.575, 3.83579, 5.5125],
			"to": [12.575, 7.83579, 5.5125],
			"rotation": {"angle": 0, "axis": "y", "origin": [8.575, 1.83579, 10.5125]},
			"faces": {
				"north": {"uv": [0, 10.5, 1, 11.5], "texture": "#3"},
				"east": {"uv": [4.25, 10.5, 4.25, 11.5], "texture": "#3"},
				"south": {"uv": [1.25, 10.5, 2.25, 11.5], "texture": "#3"},
				"west": {"uv": [4, 10.5, 4, 11.5], "texture": "#3"},
				"up": {"uv": [11.5, 6.75, 10.5, 6.75], "texture": "#3"},
				"down": {"uv": [11.5, 7, 10.5, 7], "texture": "#3"}
			}
		},
		{
			"from": [3, 1.83579, 5.5625],
			"to": [13, 9.83579, 15.5625],
			"rotation": {"angle": 0, "axis": "y", "origin": [7, 1.83579, 10.5625]},
			"faces": {
				"north": {"uv": [3.25, 5.5, 5.75, 7.5], "texture": "#3"},
				"east": {"uv": [6, 0, 8.5, 2], "texture": "#3"},
				"south": {"uv": [6, 2.25, 8.5, 4.25], "texture": "#3"},
				"west": {"uv": [6, 4.5, 8.5, 6.5], "texture": "#3"},
				"up": {"uv": [5.75, 2.5, 3.25, 0], "texture": "#3"},
				"down": {"uv": [5.75, 2.75, 3.25, 5.25], "texture": "#3"}
			}
		}
	],
	"display": {
		"gui": {
			"rotation": [-159, 29.5, -180],
			"translation": [-1, -1.25, 0],
			"scale": [0.88, 0.88, 0.88]
		}
	},
	"groups": [
		{
			"name": "body",
			"origin": [8, 4.83579, 10.5625],
			"color": 0,
			"children": [
				{
					"name": "torso",
					"origin": [7, 1.83579, 10.5625],
					"color": 0,
					"children": [
						{
							"name": "hat",
							"origin": [8, 9.73211, 10.5625],
							"color": 0,
							"children": [
								0,
								1,
								2,
								{
									"name": "right_node",
									"origin": [12.22843, 13.16421, 7.0625],
									"rotation": [7.09519, 54.68982, 8.67258],
									"color": 0,
									"children": []
								},
								{
									"name": "left_node",
									"origin": [3.77157, 13.16421, 7.0625],
									"rotation": [7.09519, -54.68982, -8.67258],
									"color": 0,
									"children": []
								},
								3
							]
						},
						4,
						5,
						6,
						7,
						8
					]
				},
				{
					"name": "left_leg",
					"origin": [5.5, 1.83579, 10.6625],
					"color": 0,
					"children": []
				},
				{
					"name": "right_leg",
					"origin": [10.5, 1.83579, 10.6625],
					"color": 0,
					"children": []
				}
			]
		}
	]
}