{
	"credit": "Made with Blockbench",
	"texture_size": [128, 128],
	"textures": {
		"3": "nocsy/nocsy_chibi_dark_water_mage_icon"
	},
	"elements": [
		{
			"from": [6.78233, 8.46453, 9.43796],
			"to": [9.78233, 11.46453, 16.43796],
			"rotation": {"angle": 45, "axis": "x", "origin": [8.14117, 10.98565, 14.2049]},
			"faces": {
				"north": {"uv": [6.25, 5.625, 6.625, 6], "texture": "#3"},
				"east": {"uv": [3.375, 2.75, 4.25, 3.125], "texture": "#3"},
				"south": {"uv": [6, 8.5, 6.375, 8.875], "texture": "#3"},
				"west": {"uv": [4.75, 2.25, 5.625, 2.625], "texture": "#3"},
				"up": {"uv": [1.625, 4.375, 1.25, 3.5], "texture": "#3"},
				"down": {"uv": [7.875, 7.125, 7.5, 8], "texture": "#3"}
			}
		},
		{
			"from": [8, 3.34823, 4.77219],
			"to": [8, 15.34823, 15.77219],
			"rotation": {"angle": -45, "axis": "x", "origin": [8, 8.71183, 12.3228]},
			"faces": {
				"north": {"uv": [3.125, 8, 3.125, 9.5], "texture": "#3"},
				"east": {"uv": [1.875, 0, 3.25, 1.5], "texture": "#3"},
				"south": {"uv": [0.75, 8.5, 0.75, 10], "texture": "#3"},
				"west": {"uv": [1.875, 1.625, 3.25, 3.125], "texture": "#3"},
				"up": {"uv": [0.875, 10.125, 0.875, 8.75], "texture": "#3"},
				"down": {"uv": [1, 8.75, 1, 10.125], "texture": "#3"}
			}
		},
		{
			"from": [5.55374, 8.08504, 7.38172],
			"to": [11.55374, 13.08504, 8.38172],
			"rotation": {"angle": -22.5, "axis": "z", "origin": [12.55374, 8.08504, 6.88172]},
			"faces": {
				"north": {"uv": [3.25, 7.125, 4, 7.75], "texture": "#3"},
				"east": {"uv": [2.25, 6, 2.375, 6.625], "texture": "#3"},
				"south": {"uv": [7.125, 4.5, 7.875, 5.125], "texture": "#3"},
				"west": {"uv": [6.5, 8.5, 6.625, 9.125], "texture": "#3"},
				"up": {"uv": [9.25, 8.25, 8.5, 8.125], "texture": "#3"},
				"down": {"uv": [9.375, 1.5, 8.625, 1.625], "texture": "#3"}
			}
		},
		{
			"from": [6.43121, 13.49636, -0.61828],
			"to": [12.43121, 15.49636, 7.38172],
			"rotation": {"angle": -22.5, "axis": "z", "origin": [6.93121, 11.49636, 0.38172]},
			"faces": {
				"north": {"uv": [8, 4.875, 8.75, 5.125], "texture": "#3"},
				"east": {"uv": [7.25, 4.125, 8.25, 4.375], "texture": "#3"},
				"south": {"uv": [0, 8.125, 0.75, 8.375], "texture": "#3"},
				"west": {"uv": [4.5, 7.625, 5.5, 7.875], "texture": "#3"},
				"up": {"uv": [7, 1, 6.25, 0], "texture": "#3"},
				"down": {"uv": [7, 4.5, 6.25, 5.5], "texture": "#3"}
			}
		},
		{
			"from": [5.01, 7.25982, 8.39172],
			"to": [10.99, 13.23982, 10.37172],
			"rotation": {"angle": -45, "axis": "z", "origin": [8, 10.24982, 8.88172]},
			"faces": {
				"north": {"uv": [7.125, 0, 7.875, 0.75], "texture": "#3"},
				"east": {"uv": [8.125, 2.125, 8.375, 2.875], "texture": "#3"},
				"south": {"uv": [2.375, 7.125, 3.125, 7.875], "texture": "#3"},
				"west": {"uv": [7.25, 8.125, 7.5, 8.875], "texture": "#3"},
				"up": {"uv": [8.375, 8.375, 7.625, 8.125], "texture": "#3"},
				"down": {"uv": [4.75, 8.375, 4, 8.625], "texture": "#3"}
			}
		},
		{
			"from": [3.85281, 2.35505, 8.37172],
			"to": [11.87281, 9.37505, 10.39172],
			"rotation": {"angle": -22.5, "axis": "z", "origin": [6.36281, 11.36505, -0.61828]},
			"faces": {
				"north": {"uv": [0, 6, 1, 6.875], "texture": "#3"},
				"east": {"uv": [3.625, 7.875, 3.875, 8.75], "texture": "#3"},
				"south": {"uv": [1.125, 6, 2.125, 6.875], "texture": "#3"},
				"west": {"uv": [2.375, 8, 2.625, 8.875], "texture": "#3"},
				"up": {"uv": [8.625, 5.875, 7.625, 5.625], "texture": "#3"},
				"down": {"uv": [8.625, 6, 7.625, 6.25], "texture": "#3"}
			}
		},
		{
			"from": [3.99, 2.39968, 10.47172],
			"to": [12.01, 9.41968, 10.49172],
			"rotation": {"angle": 0, "axis": "y", "origin": [8, 5.70968, 9.38172]},
			"faces": {
				"north": {"uv": [6.125, 2.5, 7.125, 3.375], "texture": "#3"},
				"east": {"uv": [3.625, 7.875, 3.875, 8.75], "texture": "#3"},
				"south": {"uv": [6.125, 2.5, 7.125, 3.375], "texture": "#3"},
				"west": {"uv": [2.375, 8, 2.625, 8.875], "texture": "#3"},
				"up": {"uv": [8.625, 5.875, 7.625, 5.625], "texture": "#3"},
				"down": {"uv": [8.625, 6, 7.625, 6.25], "texture": "#3"}
			}
		},
		{
			"from": [4.13719, 2.36505, 8.38172],
			"to": [12.13719, 9.36505, 10.38172],
			"rotation": {"angle": 22.5, "axis": "z", "origin": [9.63719, 11.36505, -0.61828]},
			"faces": {
				"north": {"uv": [3.375, 6.125, 4.375, 7], "texture": "#3"},
				"east": {"uv": [2.75, 8, 3, 8.875], "texture": "#3"},
				"south": {"uv": [6.125, 3.5, 7.125, 4.375], "texture": "#3"},
				"west": {"uv": [8, 7.125, 8.25, 8], "texture": "#3"},
				"up": {"uv": [8.625, 6.625, 7.625, 6.375], "texture": "#3"},
				"down": {"uv": [8.625, 6.75, 7.625, 7], "texture": "#3"}
			}
		},
		{
			"from": [3.89582, 1.37505, 7.39172],
			"to": [13.87582, 11.35505, 8.37172],
			"rotation": {"angle": 22.5, "axis": "z", "origin": [9.38582, 11.36505, -0.61828]},
			"faces": {
				"north": {"uv": [1.875, 3.25, 3.125, 4.5], "texture": "#3"},
				"east": {"uv": [5.375, 8.375, 5.5, 9.625], "texture": "#3"},
				"south": {"uv": [3.25, 3.25, 4.5, 4.5], "texture": "#3"},
				"west": {"uv": [0, 8.5, 0.125, 9.75], "texture": "#3"},
				"up": {"uv": [9.75, 2.25, 8.5, 2.125], "texture": "#3"},
				"down": {"uv": [9.75, 2.375, 8.5, 2.5], "texture": "#3"}
			}
		},
		{
			"from": [13.73416, 5.1331, -0.60828],
			"to": [15.71416, 13.1131, 7.37172],
			"rotation": {"angle": 22.5, "axis": "z", "origin": [14.72416, 7.6231, 0.38172]},
			"faces": {
				"north": {"uv": [1.625, 7.625, 1.875, 8.625], "texture": "#3"},
				"east": {"uv": [4, 5, 5, 6], "texture": "#3"},
				"south": {"uv": [2, 7.625, 2.25, 8.625], "texture": "#3"},
				"west": {"uv": [5.125, 5, 6.125, 6], "texture": "#3"},
				"up": {"uv": [5.875, 8.625, 5.625, 7.625], "texture": "#3"},
				"down": {"uv": [3.5, 7.875, 3.25, 8.875], "texture": "#3"}
			}
		},
		{
			"from": [5.48848, 2.28057, -0.61828],
			"to": [16.48848, 4.28057, 7.38172],
			"rotation": {"angle": 22.5, "axis": "z", "origin": [12.98848, 5.28057, 0.38172]},
			"faces": {
				"north": {"uv": [7.125, 5.25, 8.5, 5.5], "texture": "#3"},
				"east": {"uv": [8, 0, 9, 0.25], "texture": "#3"},
				"south": {"uv": [7.25, 3, 8.625, 3.25], "texture": "#3"},
				"west": {"uv": [8, 0.375, 9, 0.625], "texture": "#3"},
				"up": {"uv": [3.875, 5.625, 2.5, 4.625], "texture": "#3"},
				"down": {"uv": [6, 2.75, 4.625, 3.75], "texture": "#3"}
			}
		},
		{
			"from": [3.56879, 13.49636, -0.61828],
			"to": [9.56879, 15.49636, 7.38172],
			"rotation": {"angle": 22.5, "axis": "z", "origin": [9.06879, 11.49636, 0.38172]},
			"faces": {
				"north": {"uv": [8.375, 4.125, 9.125, 4.375], "texture": "#3"},
				"east": {"uv": [8, 0.75, 9, 1], "texture": "#3"},
				"south": {"uv": [8.375, 7.125, 9.125, 7.375], "texture": "#3"},
				"west": {"uv": [8, 1.125, 9, 1.375], "texture": "#3"},
				"up": {"uv": [7.5, 2.125, 6.75, 1.125], "texture": "#3"},
				"down": {"uv": [0.75, 7, 0, 8], "texture": "#3"}
			}
		},
		{
			"from": [5.14645, 11.27189, 1.40358],
			"to": [9.14645, 15.27189, 12.40358],
			"rotation": {"angle": -45, "axis": "z", "origin": [7.64645, 12.27189, 0.90358]},
			"faces": {
				"north": {"uv": [6.625, 7.875, 7.125, 8.375], "texture": "#3"},
				"east": {"uv": [0.875, 7, 2.25, 7.5], "texture": "#3"},
				"south": {"uv": [8, 1.5, 8.5, 2], "texture": "#3"},
				"west": {"uv": [4.5, 7, 5.875, 7.5], "texture": "#3"},
				"up": {"uv": [7.5, 7, 7, 5.625], "texture": "#3"},
				"down": {"uv": [6.5, 7, 6, 8.375], "texture": "#3"}
			}
		},
		{
			"from": [4.44626, 8.08504, 7.38172],
			"to": [10.44626, 13.08504, 8.38172],
			"rotation": {"angle": 22.5, "axis": "z", "origin": [3.44626, 8.08504, 6.88172]},
			"faces": {
				"north": {"uv": [6.625, 7.125, 7.375, 7.75], "texture": "#3"},
				"east": {"uv": [6.75, 8.5, 6.875, 9.125], "texture": "#3"},
				"south": {"uv": [7.25, 2.25, 8, 2.875], "texture": "#3"},
				"west": {"uv": [7, 8.5, 7.125, 9.125], "texture": "#3"},
				"up": {"uv": [9.375, 1.875, 8.625, 1.75], "texture": "#3"},
				"down": {"uv": [9.375, 5.25, 8.625, 5.375], "texture": "#3"}
			}
		},
		{
			"from": [2.12418, 1.37505, 7.39172],
			"to": [12.10418, 11.35505, 8.37172],
			"rotation": {"angle": -22.5, "axis": "z", "origin": [6.61418, 11.36505, -0.61828]},
			"faces": {
				"north": {"uv": [3.375, 0, 4.625, 1.25], "texture": "#3"},
				"east": {"uv": [0.25, 8.5, 0.375, 9.75], "texture": "#3"},
				"south": {"uv": [3.375, 1.375, 4.625, 2.625], "texture": "#3"},
				"west": {"uv": [0.5, 8.5, 0.625, 9.75], "texture": "#3"},
				"up": {"uv": [9.75, 2.75, 8.5, 2.625], "texture": "#3"},
				"down": {"uv": [8.875, 8.5, 7.625, 8.625], "texture": "#3"}
			}
		},
		{
			"from": [0.28584, 5.1331, -0.60828],
			"to": [2.26584, 13.1131, 7.37172],
			"rotation": {"angle": -22.5, "axis": "z", "origin": [1.27584, 7.6231, 0.38172]},
			"faces": {
				"north": {"uv": [4.125, 7.125, 4.375, 8.125], "texture": "#3"},
				"east": {"uv": [4.75, 1.125, 5.75, 2.125], "texture": "#3"},
				"south": {"uv": [0.875, 7.625, 1.125, 8.625], "texture": "#3"},
				"west": {"uv": [0, 4.875, 1, 5.875], "texture": "#3"},
				"up": {"uv": [7.875, 1.875, 7.625, 0.875], "texture": "#3"},
				"down": {"uv": [1.5, 7.625, 1.25, 8.625], "texture": "#3"}
			}
		},
		{
			"from": [-0.48848, 2.28057, -0.61828],
			"to": [10.51152, 4.28057, 7.38172],
			"rotation": {"angle": -22.5, "axis": "z", "origin": [3.01152, 5.28057, 0.38172]},
			"faces": {
				"north": {"uv": [7.25, 3.375, 8.625, 3.625], "texture": "#3"},
				"east": {"uv": [4.5, 8, 5.5, 8.25], "texture": "#3"},
				"south": {"uv": [7.25, 3.75, 8.625, 4], "texture": "#3"},
				"west": {"uv": [8, 4.5, 9, 4.75], "texture": "#3"},
				"up": {"uv": [6, 4.875, 4.625, 3.875], "texture": "#3"},
				"down": {"uv": [6.125, 0, 4.75, 1], "texture": "#3"}
			}
		},
		{
			"from": [3.6, 5.68057, 0.88172],
			"to": [6.6, 9.68057, 0.88172],
			"rotation": {"angle": 0, "axis": "y", "origin": [4.8, 8.28057, 0.88172]},
			"faces": {
				"north": {"uv": [4.875, 8.375, 5.25, 8.875], "texture": "#3"},
				"east": {"uv": [1.75, 3.5, 1.75, 4], "texture": "#3"},
				"south": {"uv": [8.375, 7.5, 8.75, 8], "texture": "#3"},
				"west": {"uv": [1.125, 4.875, 1.125, 5.375], "texture": "#3"},
				"up": {"uv": [1.625, 4.5, 1.25, 4.5], "texture": "#3"},
				"down": {"uv": [4.375, 4.625, 4, 4.625], "texture": "#3"}
			}
		},
		{
			"from": [9.4, 5.68057, 0.88172],
			"to": [12.4, 9.68057, 0.88172],
			"rotation": {"angle": 0, "axis": "y", "origin": [11.2, 8.28057, 0.88172]},
			"faces": {
				"north": {"uv": [8.375, 7.5, 8.75, 8], "texture": "#3"},
				"east": {"uv": [1.125, 4.875, 1.125, 5.375], "texture": "#3"},
				"south": {"uv": [4.875, 8.375, 5.25, 8.875], "texture": "#3"},
				"west": {"uv": [1.75, 3.5, 1.75, 4], "texture": "#3"},
				"up": {"uv": [4.375, 4.75, 4, 4.75], "texture": "#3"},
				"down": {"uv": [4.375, 4.875, 4, 4.875], "texture": "#3"}
			}
		},
		{
			"from": [3.64283, 2.28057, 1.38172],
			"to": [12.64283, 12.28057, 7.38172],
			"rotation": {"angle": 0, "axis": "y", "origin": [3.14283, 5.28057, 0.38172]},
			"faces": {
				"north": {"uv": [0, 3.5, 1.125, 4.75], "texture": "#3"},
				"east": {"uv": [2.5, 5.75, 3.25, 7], "texture": "#3"},
				"south": {"uv": [1.25, 4.625, 2.375, 5.875], "texture": "#3"},
				"west": {"uv": [5.875, 1.125, 6.625, 2.375], "texture": "#3"},
				"up": {"uv": [5.625, 6.875, 4.5, 6.125], "texture": "#3"},
				"down": {"uv": [6.875, 6.125, 5.75, 6.875], "texture": "#3"}
			}
		},
		{
			"from": [1, 1.28057, 1.08172],
			"to": [15, 14.28057, 1.08172],
			"rotation": {"angle": 0, "axis": "y", "origin": [3.5, 5.28057, 0.38172]},
			"faces": {
				"north": {"uv": [0, 0, 1.75, 1.625], "texture": "#3"},
				"east": {"uv": [1.125, 8.75, 1.125, 10.375], "texture": "#3"},
				"south": {"uv": [0, 1.75, 1.75, 3.375], "texture": "#3"},
				"west": {"uv": [1.25, 8.75, 1.25, 10.375], "texture": "#3"},
				"up": {"uv": [10.25, 2.875, 8.5, 2.875], "texture": "#3"},
				"down": {"uv": [10.25, 8.375, 8.5, 8.375], "texture": "#3"}
			}
		}
	],
	"gui_light": "front",
	"display": {
		"gui": {
			"rotation": [-168.85, 28.48, -179.12],
			"translation": [1.5, 0, 0],
			"scale": [0.75, 0.75, 0.75]
		}
	},
	"groups": [
		{
			"name": "head",
			"origin": [8.00493, 3.3248, 5.5515],
			"color": 0,
			"children": [
				{
					"name": "hoodie",
					"origin": [8, 12.58031, 11.66895],
					"rotation": [32.94098, 28.53623, -36.40051],
					"color": 0,
					"children": [0, 1]
				},
				2,
				3,
				4,
				5,
				6,
				7,
				8,
				9,
				10,
				11,
				12,
				13,
				14,
				15,
				16,
				17,
				18,
				19,
				20
			]
		}
	]
}