{
	"credit": "Made with Blockbench",
	"texture_size": [64, 64],
	"textures": {
		"2": "nocsy/nocsy_fairy_drakonin_baby_icon",
		"particle": "nocsy/nocsy_fairy_drakonin_baby_icon"
	},
	"elements": [
		{
			"from": [5.57715, 2.66144, 6.44754],
			"to": [10.57715, 7.66144, 12.44754],
			"rotation": {"angle": 22.5, "axis": "x", "origin": [8.07715, 8, 9.75546]},
			"faces": {
				"north": {"uv": [3, 7, 4.25, 8.25], "texture": "#2"},
				"east": {"uv": [6, 4.5, 7.5, 5.75], "texture": "#2"},
				"south": {"uv": [7.5, 0, 8.75, 1.25], "texture": "#2"},
				"west": {"uv": [6, 6, 7.5, 7.25], "texture": "#2"},
				"up": {"uv": [1.25, 8.5, 0, 7], "texture": "#2"},
				"down": {"uv": [2.75, 7, 1.5, 8.5], "texture": "#2"}
			}
		},
		{
			"from": [5.37715, 4.46571, 6.28227],
			"to": [7.37715, 6.46571, 7.28227],
			"rotation": {"angle": 22.5, "axis": "x", "origin": [8.07715, 8, 9.75546]},
			"faces": {
				"north": {"uv": [8, 8, 8.5, 8.5], "texture": "#2"},
				"east": {"uv": [7, 8.5, 7.25, 9], "texture": "#2"},
				"south": {"uv": [4.5, 8.25, 5, 8.75], "texture": "#2"},
				"west": {"uv": [7.5, 8.5, 7.75, 9], "texture": "#2"},
				"up": {"uv": [0.5, 9, 0, 8.75], "texture": "#2"},
				"down": {"uv": [1.25, 8.75, 0.75, 9], "texture": "#2"}
			}
		},
		{
			"from": [6.07715, 4.87534, 6.23534],
			"to": [6.87715, 5.67534, 6.23534],
			"rotation": {"angle": 22.5, "axis": "x", "origin": [8.07715, 8, 9.75546]},
			"faces": {
				"north": {"uv": [2.5, 8.75, 2.75, 9], "texture": "#2"},
				"east": {"uv": [7.75, 7, 7.75, 7.25], "texture": "#2"},
				"south": {"uv": [8.75, 8, 9, 8.25], "texture": "#2"},
				"west": {"uv": [5.5, 9, 5.5, 9.25], "texture": "#2"},
				"up": {"uv": [6.25, 8.25, 6, 8.25], "texture": "#2"},
				"down": {"uv": [9, 5.75, 8.75, 5.75], "texture": "#2"}
			}
		},
		{
			"from": [9.27715, 4.87534, 6.23534],
			"to": [10.07715, 5.67534, 6.23534],
			"rotation": {"angle": 22.5, "axis": "x", "origin": [8.07715, 8, 9.75546]},
			"faces": {
				"north": {"uv": [8.75, 8.5, 9, 8.75], "texture": "#2"},
				"east": {"uv": [5.75, 9, 5.75, 9.25], "texture": "#2"},
				"south": {"uv": [9, 0, 9.25, 0.25], "texture": "#2"},
				"west": {"uv": [6, 9, 6, 9.25], "texture": "#2"},
				"up": {"uv": [6.5, 9, 6.25, 9], "texture": "#2"},
				"down": {"uv": [9, 9, 8.75, 9], "texture": "#2"}
			}
		},
		{
			"from": [8.77715, 4.46571, 6.28227],
			"to": [10.77715, 6.46571, 7.28227],
			"rotation": {"angle": 22.5, "axis": "x", "origin": [8.07715, 8, 9.75546]},
			"faces": {
				"north": {"uv": [5.25, 8.25, 5.75, 8.75], "texture": "#2"},
				"east": {"uv": [1.5, 8.75, 1.75, 9.25], "texture": "#2"},
				"south": {"uv": [8.5, 1.5, 9, 2], "texture": "#2"},
				"west": {"uv": [2, 8.75, 2.25, 9.25], "texture": "#2"},
				"up": {"uv": [9.25, 4.5, 8.75, 4.25], "texture": "#2"},
				"down": {"uv": [9.25, 4.75, 8.75, 5], "texture": "#2"}
			}
		},
		{
			"from": [8.67715, 4.93836, 6.95831],
			"to": [11.17715, 5.93836, 8.95831],
			"rotation": {"angle": 45, "axis": "x", "origin": [8.07715, 8, 9.75546]},
			"faces": {
				"north": {"uv": [8.5, 3.75, 9.25, 4], "texture": "#2"},
				"east": {"uv": [8.75, 5.25, 9.25, 5.5], "texture": "#2"},
				"south": {"uv": [6, 8.5, 6.75, 8.75], "texture": "#2"},
				"west": {"uv": [8.75, 7, 9.25, 7.25], "texture": "#2"},
				"up": {"uv": [8.25, 2, 7.5, 1.5], "texture": "#2"},
				"down": {"uv": [8.25, 2.25, 7.5, 2.75], "texture": "#2"}
			}
		},
		{
			"from": [4.97715, 4.93836, 6.95831],
			"to": [7.47715, 5.93836, 8.95831],
			"rotation": {"angle": 45, "axis": "x", "origin": [8.07715, 8, 9.75546]},
			"faces": {
				"north": {"uv": [8.5, 6, 9.25, 6.25], "texture": "#2"},
				"east": {"uv": [8.75, 7.5, 9.25, 7.75], "texture": "#2"},
				"south": {"uv": [8.5, 6.5, 9.25, 6.75], "texture": "#2"},
				"west": {"uv": [8, 8.75, 8.5, 9], "texture": "#2"},
				"up": {"uv": [8.25, 3.5, 7.5, 3], "texture": "#2"},
				"down": {"uv": [8.25, 3.75, 7.5, 4.25], "texture": "#2"}
			}
		},
		{
			"from": [6.37276, 7.79992, 7.81284],
			"to": [6.37276, 14.79992, 15.81284],
			"rotation": {"angle": -22.5, "axis": "y", "origin": [8.07715, 8, 9.75546]},
			"faces": {
				"north": {"uv": [6.75, 9, 6.75, 10.75], "texture": "#2"},
				"east": {"uv": [0, 0, 2, 1.75], "texture": "#2"},
				"south": {"uv": [0, 9.25, 0, 11], "texture": "#2"},
				"west": {"uv": [0, 2, 2, 3.75], "texture": "#2"},
				"up": {"uv": [0.25, 11.25, 0.25, 9.25], "texture": "#2"},
				"down": {"uv": [0.5, 9.25, 0.5, 11.25], "texture": "#2"}
			}
		},
		{
			"from": [9.78153, 7.79992, 7.81284],
			"to": [9.78153, 14.79992, 15.81284],
			"rotation": {"angle": 22.5, "axis": "y", "origin": [8.07715, 8, 9.75546]},
			"faces": {
				"north": {"uv": [0.75, 9.25, 0.75, 11], "texture": "#2"},
				"east": {"uv": [2.25, 0, 4.25, 1.75], "texture": "#2"},
				"south": {"uv": [1, 9.25, 1, 11], "texture": "#2"},
				"west": {"uv": [2.25, 2, 4.25, 3.75], "texture": "#2"},
				"up": {"uv": [1.25, 11.25, 1.25, 9.25], "texture": "#2"},
				"down": {"uv": [9.25, 1.5, 9.25, 3.5], "texture": "#2"}
			}
		},
		{
			"from": [6.08535, 5.561, 8.70554],
			"to": [6.08535, 16.561, 13.70554],
			"rotation": {"angle": 22.5, "axis": "z", "origin": [8.07715, 8, 9.75546]},
			"faces": {
				"north": {"uv": [2.5, 9.25, 2.5, 12], "texture": "#2"},
				"east": {"uv": [0, 4, 1.25, 6.75], "texture": "#2"},
				"south": {"uv": [2.75, 9.25, 2.75, 12], "texture": "#2"},
				"west": {"uv": [1.5, 4, 2.75, 6.75], "texture": "#2"},
				"up": {"uv": [3, 10.5, 3, 9.25], "texture": "#2"},
				"down": {"uv": [3.25, 9.25, 3.25, 10.5], "texture": "#2"}
			}
		},
		{
			"from": [9.91465, 5.561, 8.70554],
			"to": [9.91465, 16.561, 13.70554],
			"rotation": {"angle": -22.5, "axis": "z", "origin": [7.92285, 8, 9.75546]},
			"faces": {
				"north": {"uv": [2.5, 9.25, 2.5, 12], "texture": "#2"},
				"east": {"uv": [2.75, 4, 1.5, 6.75], "texture": "#2"},
				"south": {"uv": [2.75, 9.25, 2.75, 12], "texture": "#2"},
				"west": {"uv": [1.25, 4, 0, 6.75], "texture": "#2"},
				"up": {"uv": [3, 10.5, 3, 9.25], "texture": "#2"},
				"down": {"uv": [3.25, 9.25, 3.25, 10.5], "texture": "#2"}
			}
		},
		{
			"from": [5.82541, 0.36661, 4.49384],
			"to": [5.82541, 8.36661, 9.49384],
			"rotation": {"angle": -45, "axis": "x", "origin": [8.07715, 8, 9.75546]},
			"faces": {
				"north": {"uv": [6.25, 9.25, 6.25, 11.25], "texture": "#2"},
				"east": {"uv": [4.5, 3, 5.75, 5], "texture": "#2"},
				"south": {"uv": [6.5, 9.25, 6.5, 11.25], "texture": "#2"},
				"west": {"uv": [4.5, 5.25, 5.75, 7.25], "texture": "#2"},
				"up": {"uv": [7, 10.5, 7, 9.25], "texture": "#2"},
				"down": {"uv": [7.25, 9.25, 7.25, 10.5], "texture": "#2"}
			}
		},
		{
			"from": [10.17459, 0.36661, 4.49384],
			"to": [10.17459, 8.36661, 9.49384],
			"rotation": {"angle": -45, "axis": "x", "origin": [7.92285, 8, 9.75546]},
			"faces": {
				"north": {"uv": [6.25, 9.25, 6.25, 11.25], "texture": "#2"},
				"east": {"uv": [5.75, 5.25, 4.5, 7.25], "texture": "#2"},
				"south": {"uv": [6.5, 9.25, 6.5, 11.25], "texture": "#2"},
				"west": {"uv": [5.75, 3, 4.5, 5], "texture": "#2"},
				"up": {"uv": [7, 10.5, 7, 9.25], "texture": "#2"},
				"down": {"uv": [7.25, 9.25, 7.25, 10.5], "texture": "#2"}
			}
		},
		{
			"from": [5.55988, 5.48274, 3.52104],
			"to": [7.55988, 7.48274, 6.52104],
			"rotation": {"angle": 45, "axis": "z", "origin": [8.07715, 8, 9.75546]},
			"faces": {
				"north": {"uv": [8.5, 2.25, 9, 2.75], "texture": "#2"},
				"east": {"uv": [4.5, 7.5, 5.25, 8], "texture": "#2"},
				"south": {"uv": [3, 8.5, 3.5, 9], "texture": "#2"},
				"west": {"uv": [5.5, 7.5, 6.25, 8], "texture": "#2"},
				"up": {"uv": [7, 8.25, 6.5, 7.5], "texture": "#2"},
				"down": {"uv": [7.75, 7.5, 7.25, 8.25], "texture": "#2"}
			}
		},
		{
			"from": [7.17715, 2.62165, 5.74184],
			"to": [8.97715, 4.42165, 8.54184],
			"rotation": {"angle": 22.5, "axis": "x", "origin": [8.07715, 8, 9.75546]},
			"faces": {
				"north": {"uv": [8.5, 3, 9, 3.5], "texture": "#2"},
				"east": {"uv": [7.75, 4.5, 8.5, 5], "texture": "#2"},
				"south": {"uv": [3.75, 8.5, 4.25, 9], "texture": "#2"},
				"west": {"uv": [7.75, 5.25, 8.5, 5.75], "texture": "#2"},
				"up": {"uv": [8.25, 6.75, 7.75, 6], "texture": "#2"},
				"down": {"uv": [8.5, 7, 8, 7.75], "texture": "#2"}
			}
		}
	],
	"display": {
		"gui": {
			"rotation": [-133.94, 38.83, 155.54],
			"translation": [-1, -0.75, 0],
			"scale": [1.1, 1.1, 1.1]
		}
	},
	"groups": [
		{
			"name": "h_head",
			"origin": [8.07715, 3.81499, 8.23676],
			"rotation": [-34, 0, 0],
			"color": 0,
			"children": [
				0,
				1,
				2,
				3,
				4,
				5,
				6,
				7,
				8,
				{
					"name": "h_horn_left",
					"origin": [5.75315, 6.76246, 9.75134],
					"rotation": [-87.17358, 21.56583, 27.4986],
					"color": 0,
					"children": [9, 10, 11, 12]
				},
				{
					"name": "h_horn_right",
					"origin": [10.40115, 6.76246, 9.75134],
					"rotation": [-87.17358, -21.56583, -27.4986],
					"color": 0,
					"children": []
				},
				13,
				14
			]
		},
		{
			"name": "hitbox",
			"origin": [0, 15, -2],
			"color": 0,
			"children": []
		}
	]
}