{
	"credit": "Made with Blockbench",
	"texture_size": [64, 64],
	"textures": {
		"1": "nocsy/nocsy_chibi_pirrot_icon",
		"particle": "nocsy/nocsy_chibi_pirrot_icon"
	},
	"elements": [
		{
			"from": [6.2532, 5.83828, 5.95762],
			"to": [7.2532, 6.83828, 5.95762],
			"rotation": {"angle": 0, "axis": "y", "origin": [6.7532, 6.33828, 5.95762]},
			"faces": {
				"north": {"uv": [2, 4.5, 2.25, 4.75], "texture": "#1"},
				"east": {"uv": [2.5, 1.25, 3.5, 2.25], "texture": "#1"},
				"south": {"uv": [7, 7, 7.25, 7.25], "texture": "#1"},
				"west": {"uv": [3.75, 0, 4.75, 1], "texture": "#1"},
				"up": {"uv": [4.75, 2.25, 3.75, 1.25], "texture": "#1"},
				"down": {"uv": [3.5, 3.75, 2.5, 4.75], "texture": "#1"}
			}
		},
		{
			"from": [6.5532, 6.01328, 5.88262],
			"to": [7.0532, 6.51328, 5.88262],
			"rotation": {"angle": 0, "axis": "y", "origin": [7.0532, 6.01328, 5.88262]},
			"faces": {
				"north": {"uv": [0.75, 7.25, 1, 7.5], "texture": "#1"},
				"east": {"uv": [2.5, 1.25, 3.5, 2.25], "texture": "#1"},
				"south": {"uv": [1.25, 7.25, 1.5, 7.5], "texture": "#1"},
				"west": {"uv": [3.75, 0, 4.75, 1], "texture": "#1"},
				"up": {"uv": [4.75, 2.25, 3.75, 1.25], "texture": "#1"},
				"down": {"uv": [3.5, 3.75, 2.5, 4.75], "texture": "#1"}
			}
		},
		{
			"from": [9.2532, 6.01328, 5.88262],
			"to": [9.7532, 6.51328, 5.88262],
			"rotation": {"angle": 0, "axis": "y", "origin": [9.2532, 6.01328, 5.88262]},
			"faces": {
				"north": {"uv": [1.25, 7.25, 1.5, 7.5], "texture": "#1"},
				"east": {"uv": [3.5, 5, 3.5, 5.25], "texture": "#1"},
				"south": {"uv": [0.75, 7.25, 1, 7.5], "texture": "#1"},
				"west": {"uv": [1.75, 6, 1.75, 6.25], "texture": "#1"},
				"up": {"uv": [5.25, 2.25, 5, 2.25], "texture": "#1"},
				"down": {"uv": [6, 5.25, 5.75, 5.25], "texture": "#1"}
			}
		},
		{
			"from": [9.0532, 5.83828, 5.95762],
			"to": [10.0532, 6.83828, 5.95762],
			"rotation": {"angle": 0, "axis": "y", "origin": [9.5532, 6.33828, 5.95762]},
			"faces": {
				"north": {"uv": [7, 7, 7.25, 7.25], "texture": "#1"},
				"east": {"uv": [3.5, 5, 3.5, 5.25], "texture": "#1"},
				"south": {"uv": [2, 4.5, 2.25, 4.75], "texture": "#1"},
				"west": {"uv": [1.75, 6, 1.75, 6.25], "texture": "#1"},
				"up": {"uv": [5.25, 2.25, 5, 2.25], "texture": "#1"},
				"down": {"uv": [6, 5.25, 5.75, 5.25], "texture": "#1"}
			}
		},
		{
			"from": [6.1432, 4.62828, 5.99762],
			"to": [10.1632, 8.64828, 10.01762],
			"rotation": {"angle": 0, "axis": "y", "origin": [8.1532, 9.13828, 8.00762]},
			"faces": {
				"north": {"uv": [2.5, 0, 3.5, 1], "texture": "#1"},
				"east": {"uv": [2.5, 1.25, 3.5, 2.25], "texture": "#1"},
				"south": {"uv": [2.5, 2.5, 3.5, 3.5], "texture": "#1"},
				"west": {"uv": [3.75, 0, 4.75, 1], "texture": "#1"},
				"up": {"uv": [4.75, 2.25, 3.75, 1.25], "texture": "#1"},
				"down": {"uv": [3.5, 3.75, 2.5, 4.75], "texture": "#1"}
			}
		},
		{
			"from": [6.6432, 7.32828, 5.29762],
			"to": [9.6632, 9.34828, 10.31762],
			"rotation": {"angle": 0, "axis": "y", "origin": [9.6532, 8.63828, 8.30762]},
			"faces": {
				"north": {"uv": [5.75, 4.5, 6.5, 5], "texture": "#1"},
				"east": {"uv": [5, 0, 6.25, 0.5], "texture": "#1"},
				"south": {"uv": [0.75, 6, 1.5, 6.5], "texture": "#1"},
				"west": {"uv": [5, 0.75, 6.25, 1.25], "texture": "#1"},
				"up": {"uv": [4.5, 3.75, 3.75, 2.5], "texture": "#1"},
				"down": {"uv": [4.5, 4, 3.75, 5.25], "texture": "#1"}
			}
		},
		{
			"from": [7.6532, 9.33828, 10.30762],
			"to": [8.6532, 10.33828, 10.30762],
			"rotation": {"angle": 0, "axis": "y", "origin": [9.6532, 8.63828, 8.30762]},
			"faces": {
				"north": {"uv": [7.25, 2.25, 7.5, 2.5], "texture": "#1"},
				"east": {"uv": [3.25, 6.5, 3.25, 6.75], "texture": "#1"},
				"south": {"uv": [7.25, 3.5, 7.5, 3.75], "texture": "#1"},
				"west": {"uv": [7.5, 0, 7.5, 0.25], "texture": "#1"},
				"up": {"uv": [7.5, 2.75, 7.25, 2.75], "texture": "#1"},
				"down": {"uv": [7.5, 4, 7.25, 4], "texture": "#1"}
			}
		},
		{
			"from": [8.50619, 7.33828, 6.07403],
			"to": [11.50619, 9.33828, 11.07403],
			"rotation": {"angle": -22.5, "axis": "y", "origin": [11.00619, 7.63828, 8.57403]},
			"faces": {
				"north": {"uv": [3.5, 6.25, 4.25, 6.75], "texture": "#1"},
				"east": {"uv": [5, 1.5, 6.25, 2], "texture": "#1"},
				"south": {"uv": [4.5, 6.25, 5.25, 6.75], "texture": "#1"},
				"west": {"uv": [2, 5, 3.25, 5.5], "texture": "#1"},
				"up": {"uv": [0.75, 5.75, 0, 4.5], "texture": "#1"},
				"down": {"uv": [1.75, 4.5, 1, 5.75], "texture": "#1"}
			}
		},
		{
			"from": [9.50619, 9.33828, 11.07403],
			"to": [11.50619, 10.33828, 11.07403],
			"rotation": {"angle": -22.5, "axis": "y", "origin": [11.00619, 7.63828, 8.57403]},
			"faces": {
				"north": {"uv": [6.75, 4.75, 7.25, 5], "texture": "#1"},
				"east": {"uv": [0.5, 7.5, 0.5, 7.75], "texture": "#1"},
				"south": {"uv": [1.75, 7, 2.25, 7.25], "texture": "#1"},
				"west": {"uv": [7.5, 0.5, 7.5, 0.75], "texture": "#1"},
				"up": {"uv": [7.75, 5.75, 7.25, 5.75], "texture": "#1"},
				"down": {"uv": [8, 1, 7.5, 1], "texture": "#1"}
			}
		},
		{
			"from": [4.8002, 9.33828, 11.07403],
			"to": [6.8002, 10.33828, 11.07403],
			"rotation": {"angle": 22.5, "axis": "y", "origin": [5.3002, 7.63828, 8.57403]},
			"faces": {
				"north": {"uv": [2.5, 7, 3, 7.25], "texture": "#1"},
				"east": {"uv": [7.5, 1.25, 7.5, 1.5], "texture": "#1"},
				"south": {"uv": [3.25, 7, 3.75, 7.25], "texture": "#1"},
				"west": {"uv": [1.75, 7.5, 1.75, 7.75], "texture": "#1"},
				"up": {"uv": [8, 1.75, 7.5, 1.75], "texture": "#1"},
				"down": {"uv": [2.5, 7.5, 2, 7.5], "texture": "#1"}
			}
		},
		{
			"from": [11.50619, 9.33828, 6.07403],
			"to": [11.50619, 10.33828, 11.07403],
			"rotation": {"angle": -22.5, "axis": "y", "origin": [11.00619, 7.63828, 8.57403]},
			"faces": {
				"north": {"uv": [2.75, 7.5, 2.75, 7.75], "texture": "#1"},
				"east": {"uv": [1.75, 6.5, 3, 6.75], "texture": "#1"},
				"south": {"uv": [3, 7.5, 3, 7.75], "texture": "#1"},
				"west": {"uv": [6.5, 3, 7.75, 3.25], "texture": "#1"},
				"up": {"uv": [3.25, 8.75, 3.25, 7.5], "texture": "#1"},
				"down": {"uv": [3.5, 7.5, 3.5, 8.75], "texture": "#1"}
			}
		},
		{
			"from": [4.8002, 9.33828, 6.07403],
			"to": [4.8002, 10.33828, 11.07403],
			"rotation": {"angle": 22.5, "axis": "y", "origin": [5.3002, 7.63828, 8.57403]},
			"faces": {
				"north": {"uv": [2.75, 7.5, 2.75, 7.75], "texture": "#1"},
				"east": {"uv": [1.75, 6.5, 3, 6.75], "texture": "#1"},
				"south": {"uv": [3, 7.5, 3, 7.75], "texture": "#1"},
				"west": {"uv": [6.5, 3, 7.75, 3.25], "texture": "#1"},
				"up": {"uv": [3.25, 8.75, 3.25, 7.5], "texture": "#1"},
				"down": {"uv": [3.5, 7.5, 3.5, 8.75], "texture": "#1"}
			}
		},
		{
			"from": [8.50619, 9.33828, 6.07403],
			"to": [11.50619, 10.33828, 6.07403],
			"rotation": {"angle": -22.5, "axis": "y", "origin": [11.00619, 7.63828, 8.57403]},
			"faces": {
				"north": {"uv": [6.5, 6, 7.25, 6.25], "texture": "#1"},
				"east": {"uv": [3.75, 7.5, 3.75, 7.75], "texture": "#1"},
				"south": {"uv": [6.5, 6.5, 7.25, 6.75], "texture": "#1"},
				"west": {"uv": [4, 7.5, 4, 7.75], "texture": "#1"},
				"up": {"uv": [8.25, 2, 7.5, 2], "texture": "#1"},
				"down": {"uv": [5, 7.5, 4.25, 7.5], "texture": "#1"}
			}
		},
		{
			"from": [4.8002, 7.33828, 6.07403],
			"to": [7.8002, 9.33828, 11.07403],
			"rotation": {"angle": 22.5, "axis": "y", "origin": [5.3002, 7.63828, 8.57403]},
			"faces": {
				"north": {"uv": [5.5, 6.25, 6.25, 6.75], "texture": "#1"},
				"east": {"uv": [3.5, 5.5, 4.75, 6], "texture": "#1"},
				"south": {"uv": [6.5, 0, 7.25, 0.5], "texture": "#1"},
				"west": {"uv": [5, 5.5, 6.25, 6], "texture": "#1"},
				"up": {"uv": [5.5, 3.75, 4.75, 2.5], "texture": "#1"},
				"down": {"uv": [5.5, 4, 4.75, 5.25], "texture": "#1"}
			}
		},
		{
			"from": [4.8002, 9.33828, 6.07403],
			"to": [7.8002, 10.33828, 6.07403],
			"rotation": {"angle": 22.5, "axis": "y", "origin": [5.3002, 7.63828, 8.57403]},
			"faces": {
				"north": {"uv": [0.75, 6.75, 1.5, 7], "texture": "#1"},
				"east": {"uv": [7.5, 4.75, 7.5, 5], "texture": "#1"},
				"south": {"uv": [6.75, 4.25, 7.5, 4.5], "texture": "#1"},
				"west": {"uv": [5.25, 7.5, 5.25, 7.75], "texture": "#1"},
				"up": {"uv": [6.25, 7.5, 5.5, 7.5], "texture": "#1"},
				"down": {"uv": [8.25, 6, 7.5, 6], "texture": "#1"}
			}
		},
		{
			"from": [6.6532, 9.33828, 5.30762],
			"to": [9.6532, 11.33828, 5.30762],
			"rotation": {"angle": 0, "axis": "y", "origin": [9.1532, 8.63828, 7.80762]},
			"faces": {
				"north": {"uv": [6.5, 0.75, 7.25, 1.25], "texture": "#1"},
				"east": {"uv": [7.5, 6.25, 7.5, 6.75], "texture": "#1"},
				"south": {"uv": [6.5, 1.5, 7.25, 2], "texture": "#1"},
				"west": {"uv": [6.5, 7.5, 6.5, 8], "texture": "#1"},
				"up": {"uv": [7.5, 7.5, 6.75, 7.5], "texture": "#1"},
				"down": {"uv": [8.25, 7, 7.5, 7], "texture": "#1"}
			}
		},
		{
			"from": [-0.8468, 6.73828, 6.20762],
			"to": [8.1532, 14.73828, 6.20762],
			"rotation": {"angle": 45, "axis": "y", "origin": [6.6532, 9.53828, 6.20762]},
			"faces": {
				"north": {"uv": [0, 0, 2.25, 2], "texture": "#1"},
				"east": {"uv": [7.5, 6.25, 7.5, 6.75], "texture": "#1"},
				"south": {"uv": [0, 2.25, 2.25, 4.25], "texture": "#1"},
				"west": {"uv": [6.5, 7.5, 6.5, 8], "texture": "#1"},
				"up": {"uv": [7.5, 7.5, 6.75, 7.5], "texture": "#1"},
				"down": {"uv": [8.25, 7, 7.5, 7], "texture": "#1"}
			}
		},
		{
			"from": [7.1532, 4.9488, 4.55907],
			"to": [9.1532, 6.9488, 9.55907],
			"rotation": {"angle": 0, "axis": "y", "origin": [8.1532, 5.80526, 6.41975]},
			"faces": {
				"north": {"uv": [6.5, 3.5, 7, 4], "texture": "#1"},
				"east": {"uv": [2, 5.75, 3.25, 6.25], "texture": "#1"},
				"south": {"uv": [6.5, 5.25, 7, 5.75], "texture": "#1"},
				"west": {"uv": [5.75, 2.25, 7, 2.75], "texture": "#1"},
				"up": {"uv": [6.25, 4.25, 5.75, 3], "texture": "#1"},
				"down": {"uv": [0.5, 6, 0, 7.25], "texture": "#1"}
			}
		},
		{
			"from": [7.1732, 4.57844, 5.45711],
			"to": [9.1332, 5.53844, 6.61711],
			"rotation": {"angle": 22.5, "axis": "x", "origin": [8.1532, 5.80526, 6.41975]},
			"faces": {
				"north": {"uv": [4, 7, 4.5, 7.25], "texture": "#1"},
				"east": {"uv": [7.25, 5.25, 7.5, 5.5], "texture": "#1"},
				"south": {"uv": [4.75, 7, 5.25, 7.25], "texture": "#1"},
				"west": {"uv": [0, 7.5, 0.25, 7.75], "texture": "#1"},
				"up": {"uv": [6, 7.25, 5.5, 7], "texture": "#1"},
				"down": {"uv": [6.75, 7, 6.25, 7.25], "texture": "#1"}
			}
		}
	],
	"display": {
		"gui": {
			"rotation": [-157.36, 23.61, 178.41],
			"translation": [-0.75, 0.25, 0],
			"scale": [1.5, 1.5, 1.5]
		}
	},
	"groups": [
		{
			"name": "h_head",
			"origin": [8.1532, 4.82258, 8.12873],
			"rotation": [12.5, 0, 0],
			"color": 0,
			"children": [
				0,
				1,
				2,
				3,
				4,
				{
					"name": "h_hat",
					"origin": [8.1532, 7.63828, 7.80762],
					"rotation": [14.5, 0, 0],
					"color": 0,
					"children": [5, 6, 7, 8, 9, 10, 11, 12, 13, 14, 15, 16]
				},
				{
					"name": "h_beak",
					"origin": [8.1532, 5.72872, 6.60453],
					"rotation": [-12, 0, 0],
					"color": 0,
					"children": [17, 18]
				}
			]
		}
	]
}