{
	"credit": "Made with Blockbench",
	"texture_size": [128, 128],
	"textures": {
		"2": "nocsy/nocsy_chibi_dark_mage_icon"
	},
	"elements": [
		{
			"from": [5.55374, 8.23707, 9.8],
			"to": [11.55374, 13.23707, 10.8],
			"rotation": {"angle": -22.5, "axis": "z", "origin": [12.55374, 8.23707, 9.3]},
			"faces": {
				"north": {"uv": [8.25, 2.25, 9, 2.875], "texture": "#2"},
				"east": {"uv": [1.25, 5.875, 1.375, 6.5], "texture": "#2"},
				"south": {"uv": [1.5, 8.5, 2.25, 9.125], "texture": "#2"},
				"west": {"uv": [3, 9.25, 3.125, 9.875], "texture": "#2"},
				"up": {"uv": [11.25, 6.875, 10.5, 6.75], "texture": "#2"},
				"down": {"uv": [11.25, 7, 10.5, 7.125], "texture": "#2"}
			}
		},
		{
			"from": [6.43121, 13.64839, 1.8],
			"to": [12.43121, 15.64839, 9.8],
			"rotation": {"angle": -22.5, "axis": "z", "origin": [6.93121, 11.64839, 2.8]},
			"faces": {
				"north": {"uv": [10.125, 3.625, 10.875, 3.875], "texture": "#2"},
				"east": {"uv": [9.125, 6.125, 10.125, 6.375], "texture": "#2"},
				"south": {"uv": [10.25, 6.125, 11, 6.375], "texture": "#2"},
				"west": {"uv": [7.375, 9.125, 8.375, 9.375], "texture": "#2"},
				"up": {"uv": [8.75, 5.25, 8, 4.25], "texture": "#2"},
				"down": {"uv": [9, 0, 8.25, 1], "texture": "#2"}
			}
		},
		{
			"from": [5.01, 7.41185, 10.81],
			"to": [10.99, 13.39185, 12.79],
			"rotation": {"angle": -45, "axis": "z", "origin": [8, 10.40185, 11.3]},
			"faces": {
				"north": {"uv": [6.25, 3.875, 7, 4.625], "texture": "#2"},
				"east": {"uv": [10.25, 7.5, 10.5, 8.25], "texture": "#2"},
				"south": {"uv": [7.375, 8.25, 8.125, 9], "texture": "#2"},
				"west": {"uv": [7.625, 10.25, 7.875, 11], "texture": "#2"},
				"up": {"uv": [8.75, 10.5, 8, 10.25], "texture": "#2"},
				"down": {"uv": [11, 8.375, 10.25, 8.625], "texture": "#2"}
			}
		},
		{
			"from": [3.85281, 2.50707, 10.79],
			"to": [11.87281, 9.52707, 12.81],
			"rotation": {"angle": -22.5, "axis": "z", "origin": [6.36281, 11.51707, 1.8]},
			"faces": {
				"north": {"uv": [2.75, 6.25, 3.75, 7.125], "texture": "#2"},
				"east": {"uv": [2.75, 4.125, 3, 5], "texture": "#2"},
				"south": {"uv": [6.25, 5.875, 7.25, 6.75], "texture": "#2"},
				"west": {"uv": [5.75, 9.875, 6, 10.75], "texture": "#2"},
				"up": {"uv": [10.125, 7.875, 9.125, 7.625], "texture": "#2"},
				"down": {"uv": [10.125, 8, 9.125, 8.25], "texture": "#2"}
			}
		},
		{
			"from": [3.99, 2.55171, 12.89],
			"to": [12.01, 9.57171, 12.91],
			"rotation": {"angle": 0, "axis": "y", "origin": [8, 5.86171, 11.8]},
			"faces": {
				"north": {"uv": [1.25, 6.625, 2.25, 7.5], "texture": "#2"},
				"east": {"uv": [3.125, 4.125, 3.125, 5], "texture": "#2"},
				"south": {"uv": [6.25, 6.875, 7.25, 7.75], "texture": "#2"},
				"west": {"uv": [6, 8, 6, 8.875], "texture": "#2"},
				"up": {"uv": [11.625, 0.25, 10.625, 0.25], "texture": "#2"},
				"down": {"uv": [11.625, 0.375, 10.625, 0.375], "texture": "#2"}
			}
		},
		{
			"from": [4.13719, 2.51707, 10.8],
			"to": [12.13719, 9.51707, 12.8],
			"rotation": {"angle": 22.5, "axis": "z", "origin": [9.63719, 11.51707, 1.8]},
			"faces": {
				"north": {"uv": [0, 7, 1, 7.875], "texture": "#2"},
				"east": {"uv": [10.125, 6.5, 10.375, 7.375], "texture": "#2"},
				"south": {"uv": [7, 0, 8, 0.875], "texture": "#2"},
				"west": {"uv": [3, 10.25, 3.25, 11.125], "texture": "#2"},
				"up": {"uv": [10.125, 8.625, 9.125, 8.375], "texture": "#2"},
				"down": {"uv": [9.5, 9.125, 8.5, 9.375], "texture": "#2"}
			}
		},
		{
			"from": [3.89582, 1.52707, 9.81],
			"to": [13.87582, 11.50707, 10.79],
			"rotation": {"angle": 22.5, "axis": "z", "origin": [9.38582, 11.51707, 1.8]},
			"faces": {
				"north": {"uv": [1.875, 0, 3.125, 1.25], "texture": "#2"},
				"east": {"uv": [3.375, 10.25, 3.5, 11.5], "texture": "#2"},
				"south": {"uv": [1.875, 1.375, 3.125, 2.625], "texture": "#2"},
				"west": {"uv": [2.625, 10.375, 2.75, 11.625], "texture": "#2"},
				"up": {"uv": [11.625, 2.875, 10.375, 2.75], "texture": "#2"},
				"down": {"uv": [11.625, 5.625, 10.375, 5.75], "texture": "#2"}
			}
		},
		{
			"from": [13.73416, 5.28513, 1.81],
			"to": [15.71416, 13.26513, 9.79],
			"rotation": {"angle": 22.5, "axis": "z", "origin": [14.72416, 7.77513, 2.8]},
			"faces": {
				"north": {"uv": [1.5, 9.25, 1.75, 10.25], "texture": "#2"},
				"east": {"uv": [5.875, 0, 6.875, 1], "texture": "#2"},
				"south": {"uv": [1.875, 9.25, 2.125, 10.25], "texture": "#2"},
				"west": {"uv": [4, 5.875, 5, 6.875], "texture": "#2"},
				"up": {"uv": [2.5, 10.25, 2.25, 9.25], "texture": "#2"},
				"down": {"uv": [2.875, 9.25, 2.625, 10.25], "texture": "#2"}
			}
		},
		{
			"from": [5.48848, 2.4326, 1.8],
			"to": [16.48848, 4.4326, 9.8],
			"rotation": {"angle": 22.5, "axis": "z", "origin": [12.98848, 5.4326, 2.8]},
			"faces": {
				"north": {"uv": [8.625, 6.5, 10, 6.75], "texture": "#2"},
				"east": {"uv": [9.125, 8.75, 10.125, 9], "texture": "#2"},
				"south": {"uv": [8.625, 6.875, 10, 7.125], "texture": "#2"},
				"west": {"uv": [3.625, 9.375, 4.625, 9.625], "texture": "#2"},
				"up": {"uv": [1.375, 5.75, 0, 4.75], "texture": "#2"},
				"down": {"uv": [6.125, 1.375, 4.75, 2.375], "texture": "#2"}
			}
		},
		{
			"from": [3.56879, 13.64839, 1.8],
			"to": [9.56879, 15.64839, 9.8],
			"rotation": {"angle": 22.5, "axis": "z", "origin": [9.06879, 11.64839, 2.8]},
			"faces": {
				"north": {"uv": [10.25, 8.75, 11, 9], "texture": "#2"},
				"east": {"uv": [7.375, 9.5, 8.375, 9.75], "texture": "#2"},
				"south": {"uv": [8.875, 10.25, 9.625, 10.5], "texture": "#2"},
				"west": {"uv": [8.5, 9.5, 9.5, 9.75], "texture": "#2"},
				"up": {"uv": [9, 2.125, 8.25, 1.125], "texture": "#2"},
				"down": {"uv": [9, 5.375, 8.25, 6.375], "texture": "#2"}
			}
		},
		{
			"from": [5.14645, 11.42392, 1.82186],
			"to": [9.14645, 15.42392, 14.82186],
			"rotation": {"angle": -45, "axis": "z", "origin": [7.64645, 12.42392, 3.32186]},
			"faces": {
				"north": {"uv": [4, 5.125, 4.5, 5.625], "texture": "#2"},
				"east": {"uv": [7.375, 7.625, 9, 8.125], "texture": "#2"},
				"south": {"uv": [5.5, 9.25, 6, 9.75], "texture": "#2"},
				"west": {"uv": [8, 3, 9.625, 3.5], "texture": "#2"},
				"up": {"uv": [3.75, 8.875, 3.25, 7.25], "texture": "#2"},
				"down": {"uv": [6.625, 7.875, 6.125, 9.5], "texture": "#2"}
			}
		},
		{
			"from": [4.44626, 8.23707, 9.8],
			"to": [10.44626, 13.23707, 10.8],
			"rotation": {"angle": 22.5, "axis": "z", "origin": [3.44626, 8.23707, 9.3]},
			"faces": {
				"north": {"uv": [2.375, 8.5, 3.125, 9.125], "texture": "#2"},
				"east": {"uv": [0.375, 9.75, 0.5, 10.375], "texture": "#2"},
				"south": {"uv": [3.875, 8.625, 4.625, 9.25], "texture": "#2"},
				"west": {"uv": [10.625, 7.5, 10.75, 8.125], "texture": "#2"},
				"up": {"uv": [11.25, 7.375, 10.5, 7.25], "texture": "#2"},
				"down": {"uv": [11.375, 0, 10.625, 0.125], "texture": "#2"}
			}
		},
		{
			"from": [2.12418, 1.52707, 9.81],
			"to": [12.10418, 11.50707, 10.79],
			"rotation": {"angle": -22.5, "axis": "z", "origin": [6.61418, 11.51707, 1.8]},
			"faces": {
				"north": {"uv": [1.875, 2.75, 3.125, 4], "texture": "#2"},
				"east": {"uv": [5.125, 10.5, 5.25, 11.75], "texture": "#2"},
				"south": {"uv": [3.25, 0, 4.5, 1.25], "texture": "#2"},
				"west": {"uv": [5.375, 10.5, 5.5, 11.75], "texture": "#2"},
				"up": {"uv": [11.625, 6, 10.375, 5.875], "texture": "#2"},
				"down": {"uv": [11.75, 6.5, 10.5, 6.625], "texture": "#2"}
			}
		},
		{
			"from": [0.28584, 5.28513, 1.81],
			"to": [2.26584, 13.26513, 9.79],
			"rotation": {"angle": -22.5, "axis": "z", "origin": [1.27584, 7.77513, 2.8]},
			"faces": {
				"north": {"uv": [0.625, 9.375, 0.875, 10.375], "texture": "#2"},
				"east": {"uv": [5.125, 5.875, 6.125, 6.875], "texture": "#2"},
				"south": {"uv": [1, 9.375, 1.25, 10.375], "texture": "#2"},
				"west": {"uv": [6, 4.75, 7, 5.75], "texture": "#2"},
				"up": {"uv": [6.375, 10.625, 6.125, 9.625], "texture": "#2"},
				"down": {"uv": [6.75, 9.625, 6.5, 10.625], "texture": "#2"}
			}
		},
		{
			"from": [-0.48848, 2.4326, 1.8],
			"to": [10.51152, 4.4326, 9.8],
			"rotation": {"angle": -22.5, "axis": "z", "origin": [3.01152, 5.4326, 2.8]},
			"faces": {
				"north": {"uv": [8.625, 7.25, 10, 7.5], "texture": "#2"},
				"east": {"uv": [9.625, 9.125, 10.625, 9.375], "texture": "#2"},
				"south": {"uv": [8.875, 4.25, 10.25, 4.5], "texture": "#2"},
				"west": {"uv": [9.625, 9.5, 10.625, 9.75], "texture": "#2"},
				"up": {"uv": [6.125, 3.5, 4.75, 2.5], "texture": "#2"},
				"down": {"uv": [6.125, 3.625, 4.75, 4.625], "texture": "#2"}
			}
		},
		{
			"from": [5.372, 12.09538, 11.01],
			"to": [2.972, 3.69538, 1.61],
			"rotation": {"angle": -22.5, "axis": "z", "origin": [6.172, 14.39538, 10.81]},
			"faces": {
				"north": {"uv": [6.875, 9.625, 7.125, 10.625], "texture": "#2"},
				"east": {"uv": [4.75, 4.75, 5.875, 5.75], "texture": "#2"},
				"south": {"uv": [0, 9.75, 0.25, 10.75], "texture": "#2"},
				"west": {"uv": [2.75, 5.125, 3.875, 6.125], "texture": "#2"},
				"up": {"uv": [5.875, 9.125, 5.625, 8], "texture": "#2"},
				"down": {"uv": [5, 8.625, 4.75, 9.75], "texture": "#2"}
			}
		},
		{
			"from": [13.028, 12.09538, 11.01],
			"to": [10.628, 3.69538, 1.61],
			"rotation": {"angle": 22.5, "axis": "z", "origin": [9.828, 14.39538, 10.81]},
			"faces": {
				"north": {"uv": [9.75, 3, 10, 4], "texture": "#2"},
				"east": {"uv": [1.5, 5.5, 2.625, 6.5], "texture": "#2"},
				"south": {"uv": [3.625, 9.75, 3.875, 10.75], "texture": "#2"},
				"west": {"uv": [0, 5.875, 1.125, 6.875], "texture": "#2"},
				"up": {"uv": [5.375, 9.75, 5.125, 8.625], "texture": "#2"},
				"down": {"uv": [3.5, 9, 3.25, 10.125], "texture": "#2"}
			}
		},
		{
			"from": [13.68523, 17.94857, 11.01],
			"to": [7.55523, 15.54857, 1.61],
			"rotation": {"angle": -22.5, "axis": "z", "origin": [2.47523, 15.74857, 10.81]},
			"faces": {
				"north": {"uv": [9.75, 10.25, 10.5, 10.5], "texture": "#2"},
				"east": {"uv": [9.125, 0.75, 10.25, 1], "texture": "#2"},
				"south": {"uv": [10.375, 0.75, 11.125, 1], "texture": "#2"},
				"west": {"uv": [9.125, 1.125, 10.25, 1.375], "texture": "#2"},
				"up": {"uv": [7.875, 4.125, 7.125, 3], "texture": "#2"},
				"down": {"uv": [7.875, 4.25, 7.125, 5.375], "texture": "#2"}
			}
		},
		{
			"from": [8.44477, 17.94857, 11.01],
			"to": [2.31477, 15.54857, 1.61],
			"rotation": {"angle": 22.5, "axis": "z", "origin": [13.52477, 15.74857, 10.81]},
			"faces": {
				"north": {"uv": [10.375, 1.125, 11.125, 1.375], "texture": "#2"},
				"east": {"uv": [9.125, 1.5, 10.25, 1.75], "texture": "#2"},
				"south": {"uv": [1.375, 10.375, 2.125, 10.625], "texture": "#2"},
				"west": {"uv": [9.125, 1.875, 10.25, 2.125], "texture": "#2"},
				"up": {"uv": [3.125, 8.375, 2.375, 7.25], "texture": "#2"},
				"down": {"uv": [8.125, 5.5, 7.375, 6.625], "texture": "#2"}
			}
		},
		{
			"from": [13.69528, 7.58357, 12.99],
			"to": [7.27528, 1.16357, 10.57],
			"rotation": {"angle": -45, "axis": "z", "origin": [16.48528, 10.37357, 13.28]},
			"faces": {
				"north": {"uv": [8.25, 8.25, 9, 9], "texture": "#2"},
				"east": {"uv": [10.375, 1.5, 10.625, 2.25], "texture": "#2"},
				"south": {"uv": [0.625, 8.5, 1.375, 9.25], "texture": "#2"},
				"west": {"uv": [2.25, 10.375, 2.5, 11.125], "texture": "#2"},
				"up": {"uv": [11.125, 2.625, 10.375, 2.375], "texture": "#2"},
				"down": {"uv": [11.125, 4, 10.375, 4.25], "texture": "#2"}
			}
		},
		{
			"from": [14.0965, 6.10194, 13.01],
			"to": [5.7165, -1.27806, 10.63],
			"rotation": {"angle": -22.5, "axis": "z", "origin": [16.4065, 14.91194, 3.82]},
			"faces": {
				"north": {"uv": [3.875, 7, 4.875, 7.875], "texture": "#2"},
				"east": {"uv": [4, 10.25, 4.25, 11.125], "texture": "#2"},
				"south": {"uv": [5, 7, 6, 7.875], "texture": "#2"},
				"west": {"uv": [4.375, 10.25, 4.625, 11.125], "texture": "#2"},
				"up": {"uv": [5, 10.125, 4, 9.875], "texture": "#2"},
				"down": {"uv": [8.25, 9.875, 7.25, 10.125], "texture": "#2"}
			}
		},
		{
			"from": [10.2835, 6.10194, 13.01],
			"to": [1.9035, -1.27806, 10.63],
			"rotation": {"angle": 22.5, "axis": "z", "origin": [-0.4065, 14.91194, 3.82]},
			"faces": {
				"north": {"uv": [7.125, 1, 8.125, 1.875], "texture": "#2"},
				"east": {"uv": [4.75, 10.25, 5, 11.125], "texture": "#2"},
				"south": {"uv": [7.125, 2, 8.125, 2.875], "texture": "#2"},
				"west": {"uv": [7.25, 10.25, 7.5, 11.125], "texture": "#2"},
				"up": {"uv": [9.375, 10.125, 8.375, 9.875], "texture": "#2"},
				"down": {"uv": [10.5, 9.875, 9.5, 10.125], "texture": "#2"}
			}
		},
		{
			"from": [10.47342, -0.10412, 11.01],
			"to": [-0.92658, -2.50412, 1.61],
			"rotation": {"angle": -22.5, "axis": "z", "origin": [13.77342, 2.69588, 11.81]},
			"faces": {
				"north": {"uv": [8.875, 4.625, 10.25, 4.875], "texture": "#2"},
				"east": {"uv": [9.125, 2.25, 10.25, 2.5], "texture": "#2"},
				"south": {"uv": [8.875, 5, 10.25, 5.25], "texture": "#2"},
				"west": {"uv": [9.125, 2.625, 10.25, 2.875], "texture": "#2"},
				"up": {"uv": [4.625, 2.5, 3.25, 1.375], "texture": "#2"},
				"down": {"uv": [4.625, 2.625, 3.25, 3.75], "texture": "#2"}
			}
		},
		{
			"from": [16.92658, -0.10412, 11.01],
			"to": [5.52658, -2.50412, 1.61],
			"rotation": {"angle": 22.5, "axis": "z", "origin": [2.22658, 2.69588, 11.81]},
			"faces": {
				"north": {"uv": [9.125, 0, 10.5, 0.25], "texture": "#2"},
				"east": {"uv": [9.125, 5.375, 10.25, 5.625], "texture": "#2"},
				"south": {"uv": [9.125, 0.375, 10.5, 0.625], "texture": "#2"},
				"west": {"uv": [9.125, 5.75, 10.25, 6], "texture": "#2"},
				"up": {"uv": [1.375, 4.625, 0, 3.5], "texture": "#2"},
				"down": {"uv": [4.625, 3.875, 3.25, 5], "texture": "#2"}
			}
		},
		{
			"from": [11.0033, 11.62392, 15.02186],
			"to": [6.6033, 7.22392, 1.62186],
			"rotation": {"angle": -45, "axis": "z", "origin": [13.3033, 12.42392, 16.32186]},
			"faces": {
				"north": {"uv": [5.125, 9.875, 5.625, 10.375], "texture": "#2"},
				"east": {"uv": [8, 3.625, 9.625, 4.125], "texture": "#2"},
				"south": {"uv": [10.125, 3, 10.625, 3.5], "texture": "#2"},
				"west": {"uv": [3.875, 8, 5.5, 8.5], "texture": "#2"},
				"up": {"uv": [7.25, 9.5, 6.75, 7.875], "texture": "#2"},
				"down": {"uv": [0.5, 8, 0, 9.625], "texture": "#2"}
			}
		},
		{
			"from": [9.4, 5.2326, 3.3],
			"to": [12.4, 9.2326, 3.3],
			"rotation": {"angle": 0, "axis": "y", "origin": [11.2, 7.8326, 3.3]},
			"faces": {
				"north": {"uv": [10.375, 4.375, 10.75, 4.875], "texture": "#2"},
				"east": {"uv": [1.5, 3.5, 1.5, 4], "texture": "#2"},
				"south": {"uv": [10.75, 4.375, 10.375, 4.875], "texture": "#2"},
				"west": {"uv": [1.625, 3.5, 1.625, 4], "texture": "#2"},
				"up": {"uv": [4.375, 5.75, 4, 5.75], "texture": "#2"},
				"down": {"uv": [1, 8, 0.625, 8], "texture": "#2"}
			}
		},
		{
			"from": [3.6, 5.2326, 3.3],
			"to": [6.6, 9.2326, 3.3],
			"rotation": {"angle": 0, "axis": "y", "origin": [4.8, 7.8326, 3.3]},
			"faces": {
				"north": {"uv": [0.375, 10.5, 0.75, 11], "texture": "#2"},
				"east": {"uv": [1.75, 3.5, 1.75, 4], "texture": "#2"},
				"south": {"uv": [0.75, 10.5, 0.375, 11], "texture": "#2"},
				"west": {"uv": [4.625, 5.125, 4.625, 5.625], "texture": "#2"},
				"up": {"uv": [1, 8.125, 0.625, 8.125], "texture": "#2"},
				"down": {"uv": [1, 8.25, 0.625, 8.25], "texture": "#2"}
			}
		},
		{
			"from": [3.64283, 2.4326, 3.8],
			"to": [12.64283, 12.4326, 9.8],
			"rotation": {"angle": 0, "axis": "y", "origin": [3.14283, 5.4326, 2.8]},
			"faces": {
				"north": {"uv": [1.5, 4.125, 2.625, 5.375], "texture": "#2"},
				"east": {"uv": [6.25, 1.125, 7, 2.375], "texture": "#2"},
				"south": {"uv": [4.625, 0, 5.75, 1.25], "texture": "#2"},
				"west": {"uv": [6.25, 2.5, 7, 3.75], "texture": "#2"},
				"up": {"uv": [8.5, 7.5, 7.375, 6.75], "texture": "#2"},
				"down": {"uv": [2.25, 7.625, 1.125, 8.375], "texture": "#2"}
			}
		},
		{
			"from": [1, 1.4326, 3.5],
			"to": [15, 14.4326, 3.5],
			"rotation": {"angle": 0, "axis": "y", "origin": [3.5, 5.4326, 2.8]},
			"faces": {
				"north": {"uv": [0, 0, 1.75, 1.625], "texture": "#2"},
				"east": {"uv": [2.875, 10.375, 2.875, 12], "texture": "#2"},
				"south": {"uv": [0, 1.75, 1.75, 3.375], "texture": "#2"},
				"west": {"uv": [5.625, 10.5, 5.625, 12.125], "texture": "#2"},
				"up": {"uv": [12.375, 0.5, 10.625, 0.5], "texture": "#2"},
				"down": {"uv": [12.375, 0.625, 10.625, 0.625], "texture": "#2"}
			}
		}
	],
	"gui_light": "front",
	"display": {
		"gui": {
			"rotation": [-169.68, -16.88, 179.84],
			"translation": [-0.5, 0, 0],
			"scale": [0.75, 0.75, 0.75]
		},
		"head": {
			"translation": [0, 0.75, 1],
			"scale": [1.5, 1.5, 1.5]
		}
	},
	"groups": [
		{
			"name": "h_head",
			"origin": [8.00493, 3.47683, 7.96978],
			"color": 0,
			"children": [
				0,
				1,
				2,
				3,
				4,
				5,
				6,
				7,
				8,
				9,
				10,
				11,
				12,
				13,
				14,
				15,
				16,
				17,
				18,
				19,
				20,
				21,
				22,
				23,
				24,
				25,
				26,
				{
					"name": "right_eyebrow",
					"origin": [11.43155, 9.71844, 3.1],
					"rotation": [0, 0, -7],
					"color": 0,
					"children": []
				},
				{
					"name": "left_eyebrow",
					"origin": [4.56845, 9.71844, 3.1],
					"rotation": [0, 0, 7],
					"color": 0,
					"children": []
				},
				27,
				28
			]
		}
	]
}