{
	"credit": "Made with Blockbench",
	"texture_size": [64, 64],
	"textures": {
		"1": "nocsy/nocsy_chibi_djinn_dragon_icon",
		"particle": "nocsy/nocsy_chibi_djinn_dragon_icon"
	},
	"elements": [
		{
			"from": [5, 3.60673, 7.0921],
			"to": [11, 8.60673, 12.0921],
			"rotation": {"angle": 0, "axis": "y", "origin": [7.5, 16.10673, 14.0921]},
			"faces": {
				"north": {"uv": [3, 0, 4.5, 1.25], "texture": "#1"},
				"east": {"uv": [1.75, 4.5, 3, 5.75], "texture": "#1"},
				"south": {"uv": [3, 1.5, 4.5, 2.75], "texture": "#1"},
				"west": {"uv": [3.25, 4.5, 4.5, 5.75], "texture": "#1"},
				"up": {"uv": [4.5, 4.25, 3, 3], "texture": "#1"},
				"down": {"uv": [1.5, 4.5, 0, 5.75], "texture": "#1"}
			}
		},
		{
			"from": [5.2, 4.60673, 7.0421],
			"to": [7.2, 6.60673, 7.0421],
			"rotation": {"angle": 0, "axis": "y", "origin": [7.5, 16.10673, 14.0921]},
			"faces": {
				"north": {"uv": [7, 4, 7.5, 4.5], "texture": "#1"},
				"east": {"uv": [6.25, 5.25, 6.25, 5.75], "texture": "#1"},
				"south": {"uv": [0, 7.25, 0.5, 7.75], "texture": "#1"},
				"west": {"uv": [2.25, 7.25, 2.25, 7.75], "texture": "#1"},
				"up": {"uv": [8.75, 2, 8.25, 2], "texture": "#1"},
				"down": {"uv": [8.75, 5.25, 8.25, 5.25], "texture": "#1"}
			}
		},
		{
			"from": [5.4, 5.70673, 6.9421],
			"to": [6.1, 6.40673, 6.9421],
			"rotation": {"angle": 0, "axis": "y", "origin": [7.5, 16.10673, 14.0921]},
			"faces": {
				"north": {"uv": [7.75, 8.25, 7.9375, 8.4375], "texture": "#1"},
				"east": {"uv": [7, 4.75, 7, 4.9375], "texture": "#1"},
				"south": {"uv": [8.25, 8, 8.4375, 8.1875], "texture": "#1"},
				"west": {"uv": [7.5, 3.5, 7.5, 3.6875], "texture": "#1"},
				"up": {"uv": [7.1875, 2.25, 7, 2.25], "texture": "#1"},
				"down": {"uv": [2.1875, 8.5, 2, 8.5], "texture": "#1"}
			}
		},
		{
			"from": [9, 5.70673, 6.9421],
			"to": [9.7, 6.40673, 6.9421],
			"rotation": {"angle": 0, "axis": "y", "origin": [8.5, 16.10673, 14.0921]},
			"faces": {
				"north": {"uv": [0, 8.5, 0.1875, 8.6875], "texture": "#1"},
				"east": {"uv": [7, 7.75, 7, 7.9375], "texture": "#1"},
				"south": {"uv": [0.5, 8.5, 0.6875, 8.6875], "texture": "#1"},
				"west": {"uv": [7, 8.25, 7, 8.4375], "texture": "#1"},
				"up": {"uv": [8.6875, 2.25, 8.5, 2.25], "texture": "#1"},
				"down": {"uv": [2.6875, 8.5, 2.5, 8.5], "texture": "#1"}
			}
		},
		{
			"from": [5.2, 6.80673, 7.0421],
			"to": [7.2, 7.80673, 7.0421],
			"rotation": {"angle": 0, "axis": "y", "origin": [7.5, 16.10673, 14.0921]},
			"faces": {
				"north": {"uv": [0, 8, 0.5, 8.25], "texture": "#1"},
				"east": {"uv": [8.5, 2.5, 8.5, 2.75], "texture": "#1"},
				"south": {"uv": [0.75, 8, 1.25, 8.25], "texture": "#1"},
				"west": {"uv": [8.5, 3, 8.5, 3.25], "texture": "#1"},
				"up": {"uv": [9, 3.5, 8.5, 3.5], "texture": "#1"},
				"down": {"uv": [9, 3.75, 8.5, 3.75], "texture": "#1"}
			}
		},
		{
			"from": [8.8, 6.80673, 7.0421],
			"to": [10.8, 7.80673, 7.0421],
			"rotation": {"angle": 0, "axis": "y", "origin": [8.5, 16.10673, 14.0921]},
			"faces": {
				"north": {"uv": [1.5, 8, 2, 8.25], "texture": "#1"},
				"east": {"uv": [5, 8.5, 5, 8.75], "texture": "#1"},
				"south": {"uv": [2.25, 8, 2.75, 8.25], "texture": "#1"},
				"west": {"uv": [5.25, 8.5, 5.25, 8.75], "texture": "#1"},
				"up": {"uv": [9, 4, 8.5, 4], "texture": "#1"},
				"down": {"uv": [6, 8.5, 5.5, 8.5], "texture": "#1"}
			}
		},
		{
			"from": [8.8, 4.60673, 7.0421],
			"to": [10.8, 6.60673, 7.0421],
			"rotation": {"angle": 0, "axis": "y", "origin": [8.5, 16.10673, 14.0921]},
			"faces": {
				"north": {"uv": [0.75, 7.25, 1.25, 7.75], "texture": "#1"},
				"east": {"uv": [8.5, 5.5, 8.5, 6], "texture": "#1"},
				"south": {"uv": [1.5, 7.25, 2, 7.75], "texture": "#1"},
				"west": {"uv": [6.25, 8.5, 6.25, 9], "texture": "#1"},
				"up": {"uv": [9, 6.25, 8.5, 6.25], "texture": "#1"},
				"down": {"uv": [9, 6.5, 8.5, 6.5], "texture": "#1"}
			}
		},
		{
			"from": [4.66815, 3.60673, 7.41723],
			"to": [4.66815, 8.60673, 12.41723],
			"rotation": {"angle": -22.5, "axis": "y", "origin": [4.01815, 20.10673, 8.41723]},
			"faces": {
				"north": {"uv": [7.25, 8.5, 7.25, 9.75], "texture": "#1"},
				"east": {"uv": [4.75, 0, 6, 1.25], "texture": "#1"},
				"south": {"uv": [7.5, 8.5, 7.5, 9.75], "texture": "#1"},
				"west": {"uv": [4.75, 1.5, 6, 2.75], "texture": "#1"},
				"up": {"uv": [8.25, 9.75, 8.25, 8.5], "texture": "#1"},
				"down": {"uv": [8.5, 8.5, 8.5, 9.75], "texture": "#1"}
			}
		},
		{
			"from": [11.33185, 3.60673, 7.41723],
			"to": [11.33185, 8.60673, 12.41723],
			"rotation": {"angle": 22.5, "axis": "y", "origin": [11.98185, 20.10673, 8.41723]},
			"faces": {
				"north": {"uv": [8.75, 0, 8.75, 1.25], "texture": "#1"},
				"east": {"uv": [4.75, 3, 6, 4.25], "texture": "#1"},
				"south": {"uv": [2, 8.75, 2, 10], "texture": "#1"},
				"west": {"uv": [4.75, 4.5, 6, 5.75], "texture": "#1"},
				"up": {"uv": [2.25, 10, 2.25, 8.75], "texture": "#1"},
				"down": {"uv": [2.5, 8.75, 2.5, 10], "texture": "#1"}
			}
		},
		{
			"from": [-5.72684, 10.94552, 8.96012],
			"to": [-4.72684, 14.94552, 9.96012],
			"rotation": {"angle": 45, "axis": "z", "origin": [4.67266, 21.84502, 8.36012]},
			"faces": {
				"north": {"uv": [4.5, 6.75, 4.75, 7.75], "texture": "#1"},
				"east": {"uv": [7.25, 4.75, 7.5, 5.75], "texture": "#1"},
				"south": {"uv": [5, 7.25, 5.25, 8.25], "texture": "#1"},
				"west": {"uv": [5.5, 7.25, 5.75, 8.25], "texture": "#1"},
				"up": {"uv": [8.25, 3.25, 8, 3], "texture": "#1"},
				"down": {"uv": [8.5, 1.5, 8.25, 1.75], "texture": "#1"}
			}
		},
		{
			"from": [-8.72684, 10.94552, 9.46012],
			"to": [-3.72684, 18.94552, 9.46012],
			"rotation": {"angle": 45, "axis": "z", "origin": [4.67266, 21.84502, 8.36012]},
			"faces": {
				"north": {"uv": [0, 0, 1.25, 2], "texture": "#1"},
				"east": {"uv": [2.75, 8.75, 2.75, 10.75], "texture": "#1"},
				"south": {"uv": [1.25, 0, 0, 2], "texture": "#1"},
				"west": {"uv": [3, 8.75, 3, 10.75], "texture": "#1"},
				"up": {"uv": [9.75, 6.75, 8.5, 6.75], "texture": "#1"},
				"down": {"uv": [10, 1.5, 8.75, 1.5], "texture": "#1"}
			}
		},
		{
			"from": [20.72684, 10.94552, 9.96012],
			"to": [21.72684, 14.94552, 10.96012],
			"rotation": {"angle": -45, "axis": "z", "origin": [11.32734, 21.84502, 8.36012]},
			"faces": {
				"north": {"uv": [6, 7.25, 6.25, 8.25], "texture": "#1"},
				"east": {"uv": [7.25, 6, 7.5, 7], "texture": "#1"},
				"south": {"uv": [7.25, 7.25, 7.5, 8.25], "texture": "#1"},
				"west": {"uv": [7.5, 2.25, 7.75, 3.25], "texture": "#1"},
				"up": {"uv": [3.25, 8.5, 3, 8.25], "texture": "#1"},
				"down": {"uv": [3.75, 8.25, 3.5, 8.5], "texture": "#1"}
			}
		},
		{
			"from": [19.72684, 10.94552, 10.46012],
			"to": [24.72684, 18.94552, 10.46012],
			"rotation": {"angle": -45, "axis": "z", "origin": [11.32734, 21.84502, 8.36012]},
			"faces": {
				"north": {"uv": [2.75, 2.25, 1.5, 4.25], "texture": "#1"},
				"east": {"uv": [3.25, 8.75, 3.25, 10.75], "texture": "#1"},
				"south": {"uv": [1.5, 2.25, 2.75, 4.25], "texture": "#1"},
				"west": {"uv": [3.5, 8.75, 3.5, 10.75], "texture": "#1"},
				"up": {"uv": [10, 1.75, 8.75, 1.75], "texture": "#1"},
				"down": {"uv": [10, 2.5, 8.75, 2.5], "texture": "#1"}
			}
		},
		{
			"from": [5.3, 10.77241, 1.13453],
			"to": [7.1, 12.57241, 4.93453],
			"rotation": {"angle": -22.5, "axis": "x", "origin": [6.2, 24.60673, 9.0921]},
			"faces": {
				"north": {"uv": [3.25, 7.5, 3.75, 8], "texture": "#1"},
				"east": {"uv": [2.5, 6, 3.5, 6.5], "texture": "#1"},
				"south": {"uv": [7.75, 3.5, 8.25, 4], "texture": "#1"},
				"west": {"uv": [3.75, 6, 4.75, 6.5], "texture": "#1"},
				"up": {"uv": [5.5, 7, 5, 6], "texture": "#1"},
				"down": {"uv": [6.25, 6, 5.75, 7], "texture": "#1"}
			}
		},
		{
			"from": [5.7, 11.23935, -3.15411],
			"to": [6.7, 15.23935, -1.15411],
			"rotation": {"angle": -45, "axis": "x", "origin": [6.2, 24.33885, 8.44538]},
			"faces": {
				"north": {"uv": [4, 7.5, 4.25, 8.5], "texture": "#1"},
				"east": {"uv": [6.25, 0, 6.75, 1], "texture": "#1"},
				"south": {"uv": [7.75, 4.25, 8, 5.25], "texture": "#1"},
				"west": {"uv": [6.25, 1.25, 6.75, 2.25], "texture": "#1"},
				"up": {"uv": [8.25, 2.75, 8, 2.25], "texture": "#1"},
				"down": {"uv": [4.75, 8, 4.5, 8.5], "texture": "#1"}
			}
		},
		{
			"from": [8.9, 10.77241, 1.13453],
			"to": [10.7, 12.57241, 4.93453],
			"rotation": {"angle": -22.5, "axis": "x", "origin": [9.8, 24.60673, 9.0921]},
			"faces": {
				"north": {"uv": [7.75, 5.5, 8.25, 6], "texture": "#1"},
				"east": {"uv": [6.25, 2.5, 7.25, 3], "texture": "#1"},
				"south": {"uv": [7.75, 6.25, 8.25, 6.75], "texture": "#1"},
				"west": {"uv": [6.25, 3.25, 7.25, 3.75], "texture": "#1"},
				"up": {"uv": [6.75, 5, 6.25, 4], "texture": "#1"},
				"down": {"uv": [7, 5.25, 6.5, 6.25], "texture": "#1"}
			}
		},
		{
			"from": [9.3, 11.23935, -3.15411],
			"to": [10.3, 15.23935, -1.15411],
			"rotation": {"angle": -45, "axis": "x", "origin": [9.8, 24.33885, 8.44538]},
			"faces": {
				"north": {"uv": [6.5, 7.75, 6.75, 8.75], "texture": "#1"},
				"east": {"uv": [6.5, 6.5, 7, 7.5], "texture": "#1"},
				"south": {"uv": [7.75, 7, 8, 8], "texture": "#1"},
				"west": {"uv": [2.5, 6.75, 3, 7.75], "texture": "#1"},
				"up": {"uv": [8.5, 0.5, 8.25, 0], "texture": "#1"},
				"down": {"uv": [8.5, 0.75, 8.25, 1.25], "texture": "#1"}
			}
		},
		{
			"from": [6, 5.26585, 0.89334],
			"to": [10, 7.26585, 4.89334],
			"rotation": {"angle": -22.5, "axis": "x", "origin": [8, 18.10017, 9.4509]},
			"faces": {
				"north": {"uv": [3.25, 6.75, 4.25, 7.25], "texture": "#1"},
				"east": {"uv": [7, 0, 8, 0.5], "texture": "#1"},
				"south": {"uv": [7, 0.75, 8, 1.25], "texture": "#1"},
				"west": {"uv": [7, 1.5, 8, 2], "texture": "#1"},
				"up": {"uv": [1, 7, 0, 6], "texture": "#1"},
				"down": {"uv": [2.25, 6, 1.25, 7], "texture": "#1"}
			}
		},
		{
			"from": [7.35, 6.66585, 0.76834],
			"to": [8.65, 7.36585, 1.36834],
			"rotation": {"angle": -22.5, "axis": "x", "origin": [7.35, 18.10017, 9.4509]},
			"faces": {
				"north": {"uv": [8.25, 4.25, 8.5625, 4.4375], "texture": "#1"},
				"east": {"uv": [1, 8.5, 1.15625, 8.6875], "texture": "#1"},
				"south": {"uv": [8.25, 4.75, 8.5625, 4.9375], "texture": "#1"},
				"west": {"uv": [1.5, 8.5, 1.65625, 8.6875], "texture": "#1"},
				"up": {"uv": [8.5625, 7.15625, 8.25, 7], "texture": "#1"},
				"down": {"uv": [8.5625, 7.5, 8.25, 7.65625], "texture": "#1"}
			}
		}
	],
	"gui_light": "front",
	"display": {
		"gui": {
			"rotation": [-175.28, 37.7, 178.83],
			"translation": [-1.25, 0, 0],
			"scale": [1.3, 1.3, 1.3]
		},
		"fixed": {
			"translation": [0, 0, -3.5],
			"scale": [2, 2, 2]
		}
	},
	"groups": [
		{
			"name": "h_head",
			"origin": [7.5, 18.5, 11.14723],
			"rotation": [17.5, 0, 0],
			"color": 0,
			"children": [
				0,
				1,
				2,
				3,
				{
					"name": "right_eyebrow",
					"origin": [6.2, 21.30673, 7.0421],
					"rotation": [0, 0, -3],
					"color": 0,
					"children": [4]
				},
				{
					"name": "left_eyebrow",
					"origin": [9.8, 21.30673, 7.0421],
					"rotation": [0, 0, 3],
					"color": 0,
					"children": [5]
				},
				6,
				7,
				8,
				{
					"name": "right_ear",
					"origin": [5.14455, 21.65837, 8.39937],
					"rotation": [-12.2921, 30.32448, -58.34288],
					"color": 0,
					"children": [9, 10]
				},
				{
					"name": "right_ear",
					"origin": [5.14455, 21.65837, 8.39937],
					"rotation": [-12.2921, 30.32448, -58.34288],
					"color": 0,
					"children": [11, 12]
				},
				{
					"name": "h_horn_right",
					"origin": [6.2, 24.33885, 8.44538],
					"rotation": [1.39307, -12.45167, 5.12076],
					"color": 0,
					"children": [13, 14]
				},
				{
					"name": "h_horn_left",
					"origin": [9.8, 24.33885, 8.44538],
					"rotation": [1.39307, 12.45167, -5.12076],
					"color": 0,
					"children": [15, 16]
				},
				{
					"name": "h_mouth",
					"origin": [8, 18.10017, 9.4509],
					"rotation": [10, 0, 0],
					"color": 0,
					"children": [17, 18]
				}
			]
		}
	]
}