{
	"credit": "Made with Blockbench",
	"texture_size": [128, 128],
	"textures": {
		"2": "nocsy/nocsy_spooky_witch_icon"
	},
	"elements": [
		{
			"from": [4.6, 6, 3.81383],
			"to": [11.6, 12, 10.81383],
			"rotation": {"angle": 0, "axis": "y", "origin": [9.6, 6, 4.81383]},
			"faces": {
				"north": {"uv": [3, 6.875, 3.875, 7.625], "texture": "#2"},
				"east": {"uv": [4, 6.875, 4.875, 7.625], "texture": "#2"},
				"south": {"uv": [5, 6.875, 5.875, 7.625], "texture": "#2"},
				"west": {"uv": [2, 7.125, 2.875, 7.875], "texture": "#2"},
				"up": {"uv": [7.5, 1.625, 6.625, 0.75], "texture": "#2"},
				"down": {"uv": [7.5, 5.375, 6.625, 6.25], "texture": "#2"}
			}
		},
		{
			"from": [8.9, 7.1, 3.78883],
			"to": [10.9, 8.8, 3.78883],
			"rotation": {"angle": 0, "axis": "y", "origin": [8.9, 6.1, 4.78883]},
			"faces": {
				"north": {"uv": [3.625, 4.75, 3.875, 5], "texture": "#2"},
				"east": {"uv": [6.5, 6.875, 6.5, 7.125], "texture": "#2"},
				"south": {"uv": [3.625, 5.125, 3.875, 5.375], "texture": "#2"},
				"west": {"uv": [8.125, 3.25, 8.125, 3.5], "texture": "#2"},
				"up": {"uv": [3.875, 5.5, 3.625, 5.5], "texture": "#2"},
				"down": {"uv": [6.875, 2.25, 6.625, 2.25], "texture": "#2"}
			}
		},
		{
			"from": [5.3, 7.1, 3.78883],
			"to": [7.3, 8.8, 3.78883],
			"rotation": {"angle": 0, "axis": "y", "origin": [7.3, 6.1, 4.78883]},
			"faces": {
				"north": {"uv": [1, 5.625, 1.25, 5.875], "texture": "#2"},
				"east": {"uv": [4.875, 8.375, 4.875, 8.625], "texture": "#2"},
				"south": {"uv": [3, 6.5, 3.25, 6.75], "texture": "#2"},
				"west": {"uv": [8.375, 5.875, 8.375, 6.125], "texture": "#2"},
				"up": {"uv": [7.25, 2.25, 7, 2.25], "texture": "#2"},
				"down": {"uv": [7.875, 1.625, 7.625, 1.625], "texture": "#2"}
			}
		},
		{
			"from": [9.3, 7.39289, 3.68883],
			"to": [10.1, 8.39289, 3.68883],
			"rotation": {"angle": 0, "axis": "y", "origin": [9.8, 7.89289, 3.68883]},
			"faces": {
				"north": {"uv": [1.375, 5.625, 1.5, 5.75], "texture": "#2"},
				"east": {"uv": [7.625, 4.375, 7.625, 4.5], "texture": "#2"},
				"south": {"uv": [6.375, 5.375, 6.5, 5.5], "texture": "#2"},
				"west": {"uv": [0.75, 7.875, 0.75, 8], "texture": "#2"},
				"up": {"uv": [1.5, 5.875, 1.375, 5.875], "texture": "#2"},
				"down": {"uv": [3.5, 6.75, 3.375, 6.75], "texture": "#2"}
			}
		},
		{
			"from": [8.8, 8.69289, 2.68883],
			"to": [11.8, 8.69289, 3.68883],
			"rotation": {"angle": 22.5, "axis": "x", "origin": [9.3, 7.49289, 3.68883]},
			"faces": {
				"north": {"uv": [8.25, 4.25, 8.625, 4.25], "texture": "#2"},
				"east": {"uv": [8, 0.5, 8.125, 0.5], "texture": "#2"},
				"south": {"uv": [8.375, 2.5, 8.75, 2.5], "texture": "#2"},
				"west": {"uv": [8, 0.625, 8.125, 0.625], "texture": "#2"},
				"up": {"uv": [3.25, 8.5, 2.875, 8.375], "texture": "#2"},
				"down": {"uv": [3.75, 8.375, 3.375, 8.5], "texture": "#2"}
			}
		},
		{
			"from": [4.4, 8.69289, 2.68883],
			"to": [7.4, 8.69289, 3.68883],
			"rotation": {"angle": 22.5, "axis": "x", "origin": [6.9, 7.49289, 3.68883]},
			"faces": {
				"north": {"uv": [7.875, 8.375, 8.25, 8.375], "texture": "#2"},
				"east": {"uv": [8, 1.625, 8.125, 1.625], "texture": "#2"},
				"south": {"uv": [8.375, 8.375, 8.75, 8.375], "texture": "#2"},
				"west": {"uv": [2, 8.5, 2.125, 8.5], "texture": "#2"},
				"up": {"uv": [4.25, 8.5, 3.875, 8.375], "texture": "#2"},
				"down": {"uv": [4.75, 8.375, 4.375, 8.5], "texture": "#2"}
			}
		},
		{
			"from": [6.1, 7.39289, 3.68883],
			"to": [6.9, 8.39289, 3.68883],
			"rotation": {"angle": 0, "axis": "y", "origin": [6.4, 7.89289, 3.68883]},
			"faces": {
				"north": {"uv": [3.375, 6.5, 3.5, 6.625], "texture": "#2"},
				"east": {"uv": [0.875, 7.875, 0.875, 8], "texture": "#2"},
				"south": {"uv": [7.375, 4.375, 7.5, 4.5], "texture": "#2"},
				"west": {"uv": [8.25, 0.5, 8.25, 0.625], "texture": "#2"},
				"up": {"uv": [2.375, 8.5, 2.25, 8.5], "texture": "#2"},
				"down": {"uv": [5.125, 8.5, 5, 8.5], "texture": "#2"}
			}
		},
		{
			"from": [4.6, -1.07238, 12.12634],
			"to": [11.6, 7.92762, 12.12634],
			"rotation": {"angle": -22.5, "axis": "x", "origin": [9.6, 5.92762, 4.92634]},
			"faces": {
				"north": {"uv": [1.625, 4.75, 2.5, 5.875], "texture": "#2"},
				"east": {"uv": [2.5, 8.5, 2.5, 9.625], "texture": "#2"},
				"south": {"uv": [2.625, 4.75, 3.5, 5.875], "texture": "#2"},
				"west": {"uv": [5.25, 8.5, 5.25, 9.625], "texture": "#2"},
				"up": {"uv": [9.375, 5, 8.5, 5], "texture": "#2"},
				"down": {"uv": [9.375, 5.125, 8.5, 5.125], "texture": "#2"}
			}
		},
		{
			"from": [11.71251, 0.92762, 3.81383],
			"to": [11.71251, 9.92762, 10.81383],
			"rotation": {"angle": 0, "axis": "y", "origin": [5.71251, 5.92762, 8.81383]},
			"faces": {
				"north": {"uv": [5.375, 8.5, 5.375, 9.625], "texture": "#2"},
				"east": {"uv": [0, 5.625, 0.875, 6.75], "texture": "#2"},
				"south": {"uv": [5.5, 8.5, 5.5, 9.625], "texture": "#2"},
				"west": {"uv": [5.625, 0, 6.5, 1.125], "texture": "#2"},
				"up": {"uv": [5.625, 9.375, 5.625, 8.5], "texture": "#2"},
				"down": {"uv": [7.5, 8.5, 7.5, 9.375], "texture": "#2"}
			}
		},
		{
			"from": [4.48749, 0.92762, 3.81383],
			"to": [4.48749, 9.92762, 10.81383],
			"rotation": {"angle": 0, "axis": "y", "origin": [10.48749, 5.92762, 8.81383]},
			"faces": {
				"north": {"uv": [7.625, 8.5, 7.625, 9.625], "texture": "#2"},
				"east": {"uv": [3.625, 5.625, 4.5, 6.75], "texture": "#2"},
				"south": {"uv": [7.75, 8.5, 7.75, 9.625], "texture": "#2"},
				"west": {"uv": [4.625, 5.625, 5.5, 6.75], "texture": "#2"},
				"up": {"uv": [7.875, 9.375, 7.875, 8.5], "texture": "#2"},
				"down": {"uv": [8, 8.5, 8, 9.375], "texture": "#2"}
			}
		},
		{
			"from": [4.6, 1.02762, 10.92634],
			"to": [11.6, 10.02762, 10.92634],
			"rotation": {"angle": 0, "axis": "y", "origin": [9.6, 5.92762, 4.92634]},
			"faces": {
				"north": {"uv": [5.625, 5.625, 6.5, 6.75], "texture": "#2"},
				"east": {"uv": [8.125, 8.5, 8.125, 9.625], "texture": "#2"},
				"south": {"uv": [1, 6, 1.875, 7.125], "texture": "#2"},
				"west": {"uv": [8.25, 8.5, 8.25, 9.625], "texture": "#2"},
				"up": {"uv": [9.375, 5.25, 8.5, 5.25], "texture": "#2"},
				"down": {"uv": [9.375, 5.875, 8.5, 5.875], "texture": "#2"}
			}
		},
		{
			"from": [12.0319, 3.00452, 3.81383],
			"to": [12.0319, 11.00452, 10.81383],
			"rotation": {"angle": 22.5, "axis": "z", "origin": [12.9319, 9.30452, 7.31383]},
			"faces": {
				"north": {"uv": [8.375, 8.5, 8.375, 9.5], "texture": "#2"},
				"east": {"uv": [5.625, 1.25, 6.5, 2.25], "texture": "#2"},
				"south": {"uv": [8.5, 8.5, 8.5, 9.5], "texture": "#2"},
				"west": {"uv": [2, 6, 2.875, 7], "texture": "#2"},
				"up": {"uv": [0, 9.5, 0, 8.625], "texture": "#2"},
				"down": {"uv": [0.125, 8.625, 0.125, 9.5], "texture": "#2"}
			}
		},
		{
			"from": [4.1681, 3.00452, 3.81383],
			"to": [4.1681, 11.00452, 10.81383],
			"rotation": {"angle": -22.5, "axis": "z", "origin": [3.2681, 9.30452, 7.31383]},
			"faces": {
				"north": {"uv": [0.25, 8.625, 0.25, 9.625], "texture": "#2"},
				"east": {"uv": [6.375, 2.375, 7.25, 3.375], "texture": "#2"},
				"south": {"uv": [0.375, 8.625, 0.375, 9.625], "texture": "#2"},
				"west": {"uv": [6.375, 3.5, 7.25, 4.5], "texture": "#2"},
				"up": {"uv": [0.5, 9.5, 0.5, 8.625], "texture": "#2"},
				"down": {"uv": [0.625, 8.625, 0.625, 9.5], "texture": "#2"}
			}
		},
		{
			"from": [10, 0.7, 3.61383],
			"to": [13, 11.7, 3.61383],
			"rotation": {"angle": 22.5, "axis": "z", "origin": [10.5, 9.9, 3.61383]},
			"faces": {
				"north": {"uv": [6, 6.875, 6.375, 8.25], "texture": "#2"},
				"east": {"uv": [0.75, 8.625, 0.75, 10], "texture": "#2"},
				"south": {"uv": [6.5, 7.375, 6.875, 8.75], "texture": "#2"},
				"west": {"uv": [0.875, 8.625, 0.875, 10], "texture": "#2"},
				"up": {"uv": [8.875, 6, 8.5, 6], "texture": "#2"},
				"down": {"uv": [8.875, 6.125, 8.5, 6.125], "texture": "#2"}
			}
		},
		{
			"from": [5.17458, 6.01874, 6.83322],
			"to": [5.17458, 12.01874, 13.83322],
			"rotation": {"angle": -45, "axis": "y", "origin": [7.1, 18, 7.31383]},
			"faces": {
				"north": {"uv": [1, 8.625, 1, 9.375], "texture": "#2"},
				"east": {"uv": [1, 7.25, 1.875, 8], "texture": "#2"},
				"south": {"uv": [1.125, 8.625, 1.125, 9.375], "texture": "#2"},
				"west": {"uv": [7.375, 1.75, 8.25, 2.5], "texture": "#2"},
				"up": {"uv": [1.25, 9.5, 1.25, 8.625], "texture": "#2"},
				"down": {"uv": [8.625, 1.25, 8.625, 2.125], "texture": "#2"}
			}
		},
		{
			"from": [-2.26147, 8.80896, 3.61383],
			"to": [7.73853, 13.80896, 3.61383],
			"rotation": {"angle": 22.5, "axis": "z", "origin": [8.1, 18.5, 3.61383]},
			"faces": {
				"north": {"uv": [6.375, 4.625, 7.625, 5.25], "texture": "#2"},
				"east": {"uv": [1.375, 8.625, 1.375, 9.25], "texture": "#2"},
				"south": {"uv": [6.625, 0, 7.875, 0.625], "texture": "#2"},
				"west": {"uv": [1.5, 8.625, 1.5, 9.25], "texture": "#2"},
				"up": {"uv": [9.75, 7.875, 8.5, 7.875], "texture": "#2"},
				"down": {"uv": [9.75, 8, 8.5, 8], "texture": "#2"}
			}
		},
		{
			"from": [-1.32687, 12.50896, -7.14764],
			"to": [16.67313, 12.50896, 4.85236],
			"rotation": {"angle": -22.5, "axis": "x", "origin": [7.67313, 19.9, 2.91383]},
			"faces": {
				"north": {"uv": [8.5, 8.125, 10.75, 8.125], "texture": "#2"},
				"east": {"uv": [8.5, 8.25, 10, 8.25], "texture": "#2"},
				"south": {"uv": [8.625, 0, 10.875, 0], "texture": "#2"},
				"west": {"uv": [8.625, 0.125, 10.125, 0.125], "texture": "#2"},
				"up": {"uv": [2.25, 1.5, 0, 0], "texture": "#2"},
				"down": {"uv": [2.25, 1.625, 0, 3.125], "texture": "#2"}
			}
		},
		{
			"from": [10.46147, 12.50896, -1.68617],
			"to": [22.46147, 12.50896, 16.31383],
			"rotation": {"angle": -22.5, "axis": "z", "origin": [12.4, 19.9, 7.31383]},
			"faces": {
				"north": {"uv": [8.625, 0.25, 10.125, 0.25], "texture": "#2"},
				"east": {"uv": [8.625, 0.375, 10.875, 0.375], "texture": "#2"},
				"south": {"uv": [8.625, 2.25, 10.125, 2.25], "texture": "#2"},
				"west": {"uv": [8.625, 2.375, 10.875, 2.375], "texture": "#2"},
				"up": {"uv": [3.875, 2.25, 2.375, 0], "texture": "#2"},
				"down": {"uv": [3.875, 2.375, 2.375, 4.625], "texture": "#2"}
			}
		},
		{
			"from": [-6.46147, 12.50896, -1.68617],
			"to": [5.53853, 12.50896, 16.31383],
			"rotation": {"angle": 22.5, "axis": "z", "origin": [3.6, 19.9, 7.31383]},
			"faces": {
				"north": {"uv": [8.625, 2.625, 10.125, 2.625], "texture": "#2"},
				"east": {"uv": [8.625, 2.75, 10.875, 2.75], "texture": "#2"},
				"south": {"uv": [2.875, 8.625, 4.375, 8.625], "texture": "#2"},
				"west": {"uv": [8.625, 2.875, 10.875, 2.875], "texture": "#2"},
				"up": {"uv": [1.5, 5.5, 0, 3.25], "texture": "#2"},
				"down": {"uv": [5.5, 0, 4, 2.25], "texture": "#2"}
			}
		},
		{
			"from": [-0.67313, 12.50896, 9.77529],
			"to": [17.32687, 12.50896, 21.77529],
			"rotation": {"angle": 22.5, "axis": "x", "origin": [8.32687, 19.9, 11.71383]},
			"faces": {
				"north": {"uv": [8.625, 3, 10.875, 3], "texture": "#2"},
				"east": {"uv": [8.625, 3.125, 10.125, 3.125], "texture": "#2"},
				"south": {"uv": [8.625, 5.375, 10.875, 5.375], "texture": "#2"},
				"west": {"uv": [8.625, 5.5, 10.125, 5.5], "texture": "#2"},
				"up": {"uv": [6.25, 3.875, 4, 2.375], "texture": "#2"},
				"down": {"uv": [6.25, 4, 4, 5.5], "texture": "#2"}
			}
		},
		{
			"from": [4.17313, 11.9, 4.41383],
			"to": [11.17313, 15.9, 11.41383],
			"rotation": {"angle": 0, "axis": "y", "origin": [9.17313, 13.9, 7.41383]},
			"faces": {
				"north": {"uv": [7.625, 6.25, 8.5, 6.75], "texture": "#2"},
				"east": {"uv": [3, 7.75, 3.875, 8.25], "texture": "#2"},
				"south": {"uv": [4, 7.75, 4.875, 8.25], "texture": "#2"},
				"west": {"uv": [7.75, 4.375, 8.625, 4.875], "texture": "#2"},
				"up": {"uv": [7.5, 7.25, 6.625, 6.375], "texture": "#2"},
				"down": {"uv": [0.875, 6.875, 0, 7.75], "texture": "#2"}
			}
		},
		{
			"from": [2.67313, 12.9, 8.71383],
			"to": [4.67313, 14.9, 10.71383],
			"rotation": {"angle": 0, "axis": "y", "origin": [9.17313, 13.9, 9.01383]},
			"faces": {
				"north": {"uv": [7.75, 5, 8, 5.25], "texture": "#2"},
				"east": {"uv": [2.625, 8, 2.875, 8.25], "texture": "#2"},
				"south": {"uv": [8.125, 5, 8.375, 5.25], "texture": "#2"},
				"west": {"uv": [7.5, 8.125, 7.75, 8.375], "texture": "#2"},
				"up": {"uv": [8.625, 0.75, 8.375, 0.5], "texture": "#2"},
				"down": {"uv": [8.625, 0.875, 8.375, 1.125], "texture": "#2"}
			}
		},
		{
			"from": [3.17313, 14.05212, 8.10107],
			"to": [4.17313, 17.05212, 12.10107],
			"rotation": {"angle": 22.5, "axis": "x", "origin": [3.67313, 22.34316, 5.73961]},
			"faces": {
				"north": {"uv": [8.375, 5.375, 8.5, 5.75], "texture": "#2"},
				"east": {"uv": [3, 6, 3.5, 6.375], "texture": "#2"},
				"south": {"uv": [5.75, 8.375, 5.875, 8.75], "texture": "#2"},
				"west": {"uv": [7.875, 7.875, 8.375, 8.25], "texture": "#2"},
				"up": {"uv": [5.875, 8.25, 5.75, 7.75], "texture": "#2"},
				"down": {"uv": [8.5, 1.25, 8.375, 1.75], "texture": "#2"}
			}
		},
		{
			"from": [3.17313, 14.05212, 7.28301],
			"to": [4.17313, 17.05212, 11.28301],
			"rotation": {"angle": -22.5, "axis": "x", "origin": [3.67313, 22.34316, 13.64448]},
			"faces": {
				"north": {"uv": [6, 8.375, 6.125, 8.75], "texture": "#2"},
				"east": {"uv": [8, 0, 8.5, 0.375], "texture": "#2"},
				"south": {"uv": [6.25, 8.375, 6.375, 8.75], "texture": "#2"},
				"west": {"uv": [2, 8, 2.5, 8.375], "texture": "#2"},
				"up": {"uv": [8.5, 2.375, 8.375, 1.875], "texture": "#2"},
				"down": {"uv": [2.75, 8.375, 2.625, 8.875], "texture": "#2"}
			}
		},
		{
			"from": [5.17313, 14.50896, 8.07529],
			"to": [10.17313, 19.50896, 14.07529],
			"rotation": {"angle": 22.5, "axis": "x", "origin": [7.67313, 22.9, 8.51383]},
			"faces": {
				"north": {"uv": [5, 7.75, 5.625, 8.375], "texture": "#2"},
				"east": {"uv": [7.375, 3.625, 8.125, 4.25], "texture": "#2"},
				"south": {"uv": [0, 7.875, 0.625, 8.5], "texture": "#2"},
				"west": {"uv": [7, 7.375, 7.75, 8], "texture": "#2"},
				"up": {"uv": [8.25, 1.5, 7.625, 0.75], "texture": "#2"},
				"down": {"uv": [8.25, 5.375, 7.625, 6.125], "texture": "#2"}
			}
		},
		{
			"from": [5.18313, 16.9491, 6.82725],
			"to": [10.16313, 19.9291, 13.80725],
			"rotation": {"angle": 0, "axis": "y", "origin": [7.67313, 24.9391, 8.81725]},
			"faces": {
				"north": {"uv": [1.625, 4.25, 2.25, 4.625], "texture": "#2"},
				"east": {"uv": [7.625, 6.875, 8.5, 7.25], "texture": "#2"},
				"south": {"uv": [6.625, 1.75, 7.25, 2.125], "texture": "#2"},
				"west": {"uv": [7.875, 7.375, 8.75, 7.75], "texture": "#2"},
				"up": {"uv": [2.25, 4.125, 1.625, 3.25], "texture": "#2"},
				"down": {"uv": [8, 2.625, 7.375, 3.5], "texture": "#2"}
			}
		},
		{
			"from": [6.17313, 16.62599, 15.03346],
			"to": [9.17313, 19.62599, 19.03346],
			"rotation": {"angle": 22.5, "axis": "x", "origin": [7.67313, 25.51702, 14.47199]},
			"faces": {
				"north": {"uv": [8.25, 3.25, 8.625, 3.625], "texture": "#2"},
				"east": {"uv": [0.75, 8.125, 1.25, 8.5], "texture": "#2"},
				"south": {"uv": [8.25, 3.75, 8.625, 4.125], "texture": "#2"},
				"west": {"uv": [1.375, 8.125, 1.875, 8.5], "texture": "#2"},
				"up": {"uv": [8.5, 3.125, 8.125, 2.625], "texture": "#2"},
				"down": {"uv": [7.375, 8.125, 7, 8.625], "texture": "#2"}
			}
		}
	],
	"gui_light": "front",
	"display": {
		"gui": {
			"rotation": [170.62, 25.77, -178.78],
			"translation": [0.25, -2, 0],
			"scale": [0.65, 0.65, 0.65]
		}
	},
	"groups": [
		{
			"name": "h_head",
			"origin": [9.6, 14, 5.81383],
			"color": 0,
			"children": [
				0,
				1,
				2,
				3,
				4,
				5,
				6,
				7,
				8,
				9,
				10,
				11,
				12,
				{
					"name": "left_hair_mesh",
					"origin": [10.5, 18.9, 3.61383],
					"color": 0,
					"children": [13]
				},
				{
					"name": "left_hair",
					"origin": [3.4, 18, 7.31383],
					"rotation": [-27.51456, -25.72186, 8.10926],
					"color": 0,
					"children": [14]
				},
				{
					"name": "right_hair",
					"origin": [12.8, 18, 7.31383],
					"rotation": [-27.51456, 25.72186, -8.10926],
					"color": 0,
					"children": []
				},
				{
					"name": "hair_front",
					"origin": [8.1, 18.5, 3.61383],
					"rotation": [0, 0, 30],
					"color": 0,
					"children": [15]
				},
				{
					"name": "h_hat",
					"origin": [8, 21.11763, 7.31383],
					"rotation": [6.44236, -27.24513, 3.61286],
					"color": 0,
					"children": [16, 17, 18, 19, 20, 21, 22, 23, 24, 25, 26]
				}
			]
		}
	]
}