{
	"credit": "Made with Blockbench",
	"texture_size": [128, 128],
	"textures": {
		"1": "nocsy/nocsy_ascendant_spooky_witch_icon"
	},
	"elements": [
		{
			"from": [5, 12.5, 5],
			"to": [11, 17.5, 11],
			"rotation": {"angle": 0, "axis": "y", "origin": [8, 18.11522, 1]},
			"faces": {
				"north": {"uv": [5.5, 3.375, 6.25, 4], "texture": "#1"},
				"east": {"uv": [0.875, 6.875, 1.625, 7.5], "texture": "#1"},
				"south": {"uv": [1.75, 6.875, 2.5, 7.5], "texture": "#1"},
				"west": {"uv": [3.875, 7.125, 4.625, 7.75], "texture": "#1"},
				"up": {"uv": [7.375, 5.75, 6.625, 5], "texture": "#1"},
				"down": {"uv": [0.75, 6.875, 0, 7.625], "texture": "#1"}
			}
		},
		{
			"from": [6, 17.7612, 5.93722],
			"to": [10, 22.7612, 9.93722],
			"rotation": {"angle": 22.5, "axis": "x", "origin": [8, 18.11522, 1]},
			"faces": {
				"north": {"uv": [5.25, 7.75, 5.75, 8.375], "texture": "#1"},
				"east": {"uv": [5.875, 7.75, 6.375, 8.375], "texture": "#1"},
				"south": {"uv": [3.875, 7.875, 4.375, 8.5], "texture": "#1"},
				"west": {"uv": [7.875, 5.375, 8.375, 6], "texture": "#1"},
				"up": {"uv": [8.375, 6.625, 7.875, 6.125], "texture": "#1"},
				"down": {"uv": [8.5, 0, 8, 0.5], "texture": "#1"}
			}
		},
		{
			"from": [7, 20.7612, 9.68722],
			"to": [9, 22.7612, 13.68722],
			"rotation": {"angle": 22.5, "axis": "x", "origin": [8, 18.11522, 1]},
			"faces": {
				"north": {"uv": [9.125, 4.125, 9.375, 4.375], "texture": "#1"},
				"east": {"uv": [8.875, 6.125, 9.375, 6.375], "texture": "#1"},
				"south": {"uv": [4.375, 9.125, 4.625, 9.375], "texture": "#1"},
				"west": {"uv": [8.875, 8, 9.375, 8.25], "texture": "#1"},
				"up": {"uv": [7.625, 3.25, 7.375, 2.75], "texture": "#1"},
				"down": {"uv": [9.25, 0, 9, 0.5], "texture": "#1"}
			}
		},
		{
			"from": [6.5, 18.73044, 7.84149],
			"to": [9.5, 21.73044, 11.84149],
			"rotation": {"angle": 0, "axis": "y", "origin": [8, 18.11522, 1]},
			"faces": {
				"north": {"uv": [4, 8.625, 4.375, 9], "texture": "#1"},
				"east": {"uv": [2.375, 8.25, 2.875, 8.625], "texture": "#1"},
				"south": {"uv": [0.875, 8.75, 1.25, 9.125], "texture": "#1"},
				"west": {"uv": [3, 8.25, 3.5, 8.625], "texture": "#1"},
				"up": {"uv": [8.75, 8.5, 8.375, 8], "texture": "#1"},
				"down": {"uv": [8.875, 3.625, 8.5, 4.125], "texture": "#1"}
			}
		},
		{
			"from": [-2.5, 12.32058, -7.07065],
			"to": [18.5, 12.32058, 2.92935],
			"rotation": {"angle": -22.5, "axis": "x", "origin": [8, 18.11522, 1]},
			"faces": {
				"north": {"uv": [9.375, 0.375, 12, 0.375], "texture": "#1"},
				"east": {"uv": [9.375, 0.5, 10.625, 0.5], "texture": "#1"},
				"south": {"uv": [9.375, 2.25, 12, 2.25], "texture": "#1"},
				"west": {"uv": [9.5, 4.875, 10.75, 4.875], "texture": "#1"},
				"up": {"uv": [2.625, 1.25, 0, 0], "texture": "#1"},
				"down": {"uv": [2.625, 1.375, 0, 2.625], "texture": "#1"}
			}
		},
		{
			"from": [-2.5, 17.67815, 12.00496],
			"to": [18.5, 17.67815, 22.00496],
			"rotation": {"angle": 22.5, "axis": "x", "origin": [8, 18.11522, 1]},
			"faces": {
				"north": {"uv": [9.5, 5, 12.125, 5], "texture": "#1"},
				"east": {"uv": [9.5, 5.125, 10.75, 5.125], "texture": "#1"},
				"south": {"uv": [9.5, 5.25, 12.125, 5.25], "texture": "#1"},
				"west": {"uv": [9.5, 5.375, 10.75, 5.375], "texture": "#1"},
				"up": {"uv": [2.625, 4, 0, 2.75], "texture": "#1"},
				"down": {"uv": [5.375, 0, 2.75, 1.25], "texture": "#1"}
			}
		},
		{
			"from": [-6.53781, 14.99936, -2.5],
			"to": [3.46219, 14.99936, 18.5],
			"rotation": {"angle": 22.5, "axis": "z", "origin": [8, 18.11522, 1]},
			"faces": {
				"north": {"uv": [9.5, 5.5, 10.75, 5.5], "texture": "#1"},
				"east": {"uv": [9.5, 5.75, 12.125, 5.75], "texture": "#1"},
				"south": {"uv": [9.5, 5.875, 10.75, 5.875], "texture": "#1"},
				"west": {"uv": [9.5, 6, 12.125, 6], "texture": "#1"},
				"up": {"uv": [4, 4, 2.75, 1.375], "texture": "#1"},
				"down": {"uv": [1.25, 4.125, 0, 6.75], "texture": "#1"}
			}
		},
		{
			"from": [12.53781, 14.99936, -2.5],
			"to": [22.53781, 14.99936, 18.5],
			"rotation": {"angle": -22.5, "axis": "z", "origin": [8, 18.11522, 1]},
			"faces": {
				"north": {"uv": [9.5, 6.125, 10.75, 6.125], "texture": "#1"},
				"east": {"uv": [9.5, 6.25, 12.125, 6.25], "texture": "#1"},
				"south": {"uv": [9.5, 6.375, 10.75, 6.375], "texture": "#1"},
				"west": {"uv": [7.375, 9.5, 10, 9.5], "texture": "#1"},
				"up": {"uv": [2.625, 6.75, 1.375, 4.125], "texture": "#1"},
				"down": {"uv": [5.375, 1.375, 4.125, 4], "texture": "#1"}
			}
		},
		{
			"from": [3, 13.5, 9],
			"to": [5, 15.5, 11],
			"rotation": {"angle": 0, "axis": "y", "origin": [8, 18.11522, 1]},
			"faces": {
				"north": {"uv": [9.125, 4.5, 9.375, 4.75], "texture": "#1"},
				"east": {"uv": [4.75, 9.125, 5, 9.375], "texture": "#1"},
				"south": {"uv": [9.125, 4.875, 9.375, 5.125], "texture": "#1"},
				"west": {"uv": [9.125, 5.25, 9.375, 5.5], "texture": "#1"},
				"up": {"uv": [7.625, 9.375, 7.375, 9.125], "texture": "#1"},
				"down": {"uv": [1.125, 9.25, 0.875, 9.5], "texture": "#1"}
			}
		},
		{
			"from": [3.5, 16.26263, 5.8887],
			"to": [4.5, 19.26263, 9.8887],
			"rotation": {"angle": 22.5, "axis": "x", "origin": [8, 18.11522, 1]},
			"faces": {
				"north": {"uv": [3.125, 9.5, 3.25, 9.875], "texture": "#1"},
				"east": {"uv": [8.5, 4.25, 9, 4.625], "texture": "#1"},
				"south": {"uv": [3.625, 9.5, 3.75, 9.875], "texture": "#1"},
				"west": {"uv": [8.5, 4.75, 9, 5.125], "texture": "#1"},
				"up": {"uv": [2.5, 8.125, 2.375, 7.625], "texture": "#1"},
				"down": {"uv": [4.625, 7.875, 4.5, 8.375], "texture": "#1"}
			}
		},
		{
			"from": [3.5, 9.37433, 8.74113],
			"to": [4.5, 12.37433, 12.74113],
			"rotation": {"angle": -22.5, "axis": "x", "origin": [8, 18.11522, 1]},
			"faces": {
				"north": {"uv": [9.5, 4, 9.625, 4.375], "texture": "#1"},
				"east": {"uv": [5.25, 8.5, 5.75, 8.875], "texture": "#1"},
				"south": {"uv": [4.375, 9.5, 4.5, 9.875], "texture": "#1"},
				"west": {"uv": [8.5, 5.25, 9, 5.625], "texture": "#1"},
				"up": {"uv": [5.75, 9.5, 5.625, 9], "texture": "#1"},
				"down": {"uv": [3.5, 9.125, 3.375, 9.625], "texture": "#1"}
			}
		},
		{
			"from": [0.30133, 4.76193, 6.5],
			"to": [3.30133, 4.76193, 11.5],
			"rotation": {"angle": 45, "axis": "z", "origin": [2.25, 3.61522, 9]},
			"faces": {
				"north": {"uv": [5.5, 9.375, 5.5, 9.75], "rotation": 270, "texture": "#1"},
				"east": {"uv": [3.875, 10.125, 3.875, 9.5], "rotation": 90, "texture": "#1"},
				"south": {"uv": [0.375, 9.5, 0.375, 9.875], "rotation": 90, "texture": "#1"},
				"west": {"uv": [0.5, 9.625, 0.5, 10.25], "rotation": 90, "texture": "#1"},
				"up": {"uv": [7.75, 3.75, 8.375, 4.125], "rotation": 90, "texture": "#1"},
				"down": {"uv": [6.625, 5.875, 7.25, 6.25], "rotation": 90, "texture": "#1"}
			}
		},
		{
			"from": [-1.69867, 2.73693, 7.5],
			"to": [0.30133, 4.73693, 10.5],
			"rotation": {"angle": 45, "axis": "z", "origin": [2.25, 3.61522, 9]},
			"faces": {
				"north": {"uv": [5.125, 9.375, 5.375, 9.625], "rotation": 270, "texture": "#1"},
				"east": {"uv": [8.125, 9.375, 7.875, 9], "rotation": 90, "texture": "#1"},
				"south": {"uv": [5.875, 9.375, 6.125, 9.625], "rotation": 90, "texture": "#1"},
				"west": {"uv": [8.5, 9, 8.25, 9.375], "rotation": 90, "texture": "#1"},
				"up": {"uv": [5.125, 9, 5.5, 9.25], "rotation": 90, "texture": "#1"},
				"down": {"uv": [9, 1.375, 9.375, 1.625], "rotation": 90, "texture": "#1"}
			}
		},
		{
			"from": [-3.19867, 2.76193, 8.025],
			"to": [2.80133, 4.71193, 9.975],
			"rotation": {"angle": 45, "axis": "z", "origin": [2.25, 3.61522, 9]},
			"faces": {
				"north": {"uv": [8.5, 5.75, 8.75, 6.5], "rotation": 270, "texture": "#1"},
				"east": {"uv": [9.625, 0.25, 9.375, 0], "rotation": 90, "texture": "#1"},
				"south": {"uv": [6.25, 8.5, 6.5, 9.25], "rotation": 90, "texture": "#1"},
				"west": {"uv": [9.625, 3.625, 9.375, 3.875], "rotation": 90, "texture": "#1"},
				"up": {"uv": [6.625, 8.5, 6.875, 9.25], "rotation": 90, "texture": "#1"},
				"down": {"uv": [5.875, 8.5, 6.125, 9.25], "rotation": 90, "texture": "#1"}
			}
		},
		{
			"from": [12.69867, 4.76193, 6.5],
			"to": [15.69867, 4.76193, 11.5],
			"rotation": {"angle": -45, "axis": "z", "origin": [13.75, 3.61522, 9]},
			"faces": {
				"north": {"uv": [5.5, 9.75, 5.5, 9.375], "rotation": 270, "texture": "#1"},
				"east": {"uv": [0.5, 10.25, 0.5, 9.625], "rotation": 90, "texture": "#1"},
				"south": {"uv": [0.375, 9.875, 0.375, 9.5], "rotation": 90, "texture": "#1"},
				"west": {"uv": [3.875, 9.5, 3.875, 10.125], "rotation": 90, "texture": "#1"},
				"up": {"uv": [7.75, 4.125, 8.375, 3.75], "rotation": 90, "texture": "#1"},
				"down": {"uv": [6.625, 6.25, 7.25, 5.875], "rotation": 90, "texture": "#1"}
			}
		},
		{
			"from": [13.19867, 2.76193, 8.025],
			"to": [19.19867, 4.71193, 9.975],
			"rotation": {"angle": -45, "axis": "z", "origin": [13.75, 3.61522, 9]},
			"faces": {
				"north": {"uv": [8.5, 6.5, 8.75, 5.75], "rotation": 270, "texture": "#1"},
				"east": {"uv": [9.625, 3.875, 9.375, 3.625], "rotation": 90, "texture": "#1"},
				"south": {"uv": [6.25, 9.25, 6.5, 8.5], "rotation": 90, "texture": "#1"},
				"west": {"uv": [9.625, 0, 9.375, 0.25], "rotation": 90, "texture": "#1"},
				"up": {"uv": [6.625, 9.25, 6.875, 8.5], "rotation": 90, "texture": "#1"},
				"down": {"uv": [5.875, 9.25, 6.125, 8.5], "rotation": 90, "texture": "#1"}
			}
		},
		{
			"from": [15.69867, 2.73693, 7.5],
			"to": [17.69867, 4.73693, 10.5],
			"rotation": {"angle": -45, "axis": "z", "origin": [13.75, 3.61522, 9]},
			"faces": {
				"north": {"uv": [5.125, 9.625, 5.375, 9.375], "rotation": 270, "texture": "#1"},
				"east": {"uv": [8.5, 9.375, 8.25, 9], "rotation": 90, "texture": "#1"},
				"south": {"uv": [5.875, 9.625, 6.125, 9.375], "rotation": 90, "texture": "#1"},
				"west": {"uv": [8.125, 9, 7.875, 9.375], "rotation": 90, "texture": "#1"},
				"up": {"uv": [5.125, 9.25, 5.5, 9], "rotation": 90, "texture": "#1"},
				"down": {"uv": [9, 1.625, 9.375, 1.375], "rotation": 90, "texture": "#1"}
			}
		},
		{
			"from": [3.25, 2, 8],
			"to": [5.25, 4, 10],
			"rotation": {"angle": -22.5, "axis": "z", "origin": [7.5, 8.11522, 8]},
			"faces": {
				"north": {"uv": [1.25, 9.25, 1.5, 9.5], "texture": "#1"},
				"east": {"uv": [1.625, 9.25, 1.875, 9.5], "texture": "#1"},
				"south": {"uv": [9.25, 1.75, 9.5, 2], "texture": "#1"},
				"west": {"uv": [2, 9.25, 2.25, 9.5], "texture": "#1"},
				"up": {"uv": [2.625, 9.5, 2.375, 9.25], "texture": "#1"},
				"down": {"uv": [9.5, 8.375, 9.25, 8.625], "texture": "#1"}
			}
		},
		{
			"from": [3.25, 4, 7.5],
			"to": [5.25, 11, 10.5],
			"rotation": {"angle": -22.5, "axis": "z", "origin": [7.5, 8.11522, 8]},
			"faces": {
				"north": {"uv": [0.5, 7.75, 0.75, 8.625], "texture": "#1"},
				"east": {"uv": [7.5, 0, 7.875, 0.875], "texture": "#1"},
				"south": {"uv": [8, 8, 8.25, 8.875], "texture": "#1"},
				"west": {"uv": [0, 7.75, 0.375, 8.625], "texture": "#1"},
				"up": {"uv": [7.75, 5.75, 7.5, 5.375], "texture": "#1"},
				"down": {"uv": [9.25, 3.625, 9, 4], "texture": "#1"}
			}
		},
		{
			"from": [10.75, 4, 7.5],
			"to": [12.75, 11, 10.5],
			"rotation": {"angle": 22.5, "axis": "z", "origin": [8.5, 8.11522, 8]},
			"faces": {
				"north": {"uv": [0.75, 7.75, 0.5, 8.625], "texture": "#1"},
				"east": {"uv": [0.375, 7.75, 0, 8.625], "texture": "#1"},
				"south": {"uv": [8.25, 8, 8, 8.875], "texture": "#1"},
				"west": {"uv": [7.875, 0, 7.5, 0.875], "texture": "#1"},
				"up": {"uv": [7.5, 5.75, 7.75, 5.375], "texture": "#1"},
				"down": {"uv": [9, 3.625, 9.25, 4], "texture": "#1"}
			}
		},
		{
			"from": [10.75, 2, 8],
			"to": [12.75, 4, 10],
			"rotation": {"angle": 22.5, "axis": "z", "origin": [8.5, 8.11522, 8]},
			"faces": {
				"north": {"uv": [1.5, 9.25, 1.25, 9.5], "texture": "#1"},
				"east": {"uv": [2.25, 9.25, 2, 9.5], "texture": "#1"},
				"south": {"uv": [9.5, 1.75, 9.25, 2], "texture": "#1"},
				"west": {"uv": [1.875, 9.25, 1.625, 9.5], "texture": "#1"},
				"up": {"uv": [2.375, 9.5, 2.625, 9.25], "texture": "#1"},
				"down": {"uv": [9.25, 8.375, 9.5, 8.625], "texture": "#1"}
			}
		},
		{
			"from": [3, -0.23175, 10.3793],
			"to": [13, 5.76825, 17.3793],
			"rotation": {"angle": 45, "axis": "x", "origin": [8, 2.76825, 13.8793]},
			"faces": {
				"north": {"uv": [5.125, 7, 3.875, 6.25], "rotation": 180, "texture": "#1"},
				"east": {"uv": [6.5, 6.375, 7.25, 7.25], "rotation": 90, "texture": "#1"},
				"south": {"uv": [7.625, 3.375, 6.375, 4.125], "texture": "#1"},
				"west": {"uv": [6.625, 0, 7.375, 0.875], "rotation": 270, "texture": "#1"},
				"up": {"uv": [4.125, 5.25, 5.375, 6.125], "texture": "#1"},
				"down": {"uv": [2.75, 5.25, 4, 6.125], "rotation": 180, "texture": "#1"}
			}
		},
		{
			"from": [5, -2.41373, 16.06128],
			"to": [11, 1.58627, 18.06128],
			"rotation": {"angle": 45, "axis": "x", "origin": [8, -0.41373, 17.06128]},
			"faces": {
				"north": {"uv": [5.5, 7.625, 4.75, 7.125], "rotation": 180, "texture": "#1"},
				"east": {"uv": [9, 0.625, 9.5, 0.875], "rotation": 90, "texture": "#1"},
				"south": {"uv": [6.375, 7.125, 5.625, 7.625], "texture": "#1"},
				"west": {"uv": [9, 1, 9.5, 1.25], "rotation": 270, "texture": "#1"},
				"up": {"uv": [0, 8.75, 0.75, 9], "texture": "#1"},
				"down": {"uv": [8.375, 8.625, 9.125, 8.875], "rotation": 180, "texture": "#1"}
			}
		},
		{
			"from": [3.5, 3, 7.5],
			"to": [12.5, 11, 12.5],
			"rotation": {"angle": -22.5, "axis": "x", "origin": [8, 8.11522, 8]},
			"faces": {
				"north": {"uv": [2.75, 4.125, 3.875, 5.125], "texture": "#1"},
				"east": {"uv": [6.625, 1, 7.25, 2], "texture": "#1"},
				"south": {"uv": [4, 4.125, 5.125, 5.125], "texture": "#1"},
				"west": {"uv": [6.625, 2.125, 7.25, 3.125], "texture": "#1"},
				"up": {"uv": [7.5, 4.875, 6.375, 4.25], "texture": "#1"},
				"down": {"uv": [6.375, 6.375, 5.25, 7], "texture": "#1"}
			}
		},
		{
			"from": [4, 5, 4],
			"to": [12, 13, 12],
			"rotation": {"angle": 0, "axis": "y", "origin": [8, 8.11522, 8]},
			"faces": {
				"north": {"uv": [5.25, 4.125, 6.25, 5.125], "texture": "#1"},
				"east": {"uv": [5.5, 0, 6.5, 1], "texture": "#1"},
				"south": {"uv": [5.5, 1.125, 6.5, 2.125], "texture": "#1"},
				"west": {"uv": [5.5, 2.25, 6.5, 3.25], "texture": "#1"},
				"up": {"uv": [6.5, 6.25, 5.5, 5.25], "texture": "#1"},
				"down": {"uv": [3.75, 6.25, 2.75, 7.25], "texture": "#1"}
			}
		},
		{
			"name": "eye",
			"from": [8.25, 7.5, 3.95],
			"to": [12, 9.25, 3.95],
			"rotation": {"angle": 0, "axis": "y", "origin": [8, 8.11522, 8]},
			"faces": {
				"north": {"uv": [2.875, 8.75, 3.375, 9], "texture": "#1"},
				"east": {"uv": [2.625, 6.875, 2.625, 7.125], "texture": "#1"},
				"south": {"uv": [4.5, 8.75, 5, 9], "texture": "#1"},
				"west": {"uv": [7.375, 7, 7.375, 7.25], "texture": "#1"},
				"up": {"uv": [7.125, 3.25, 6.625, 3.25], "texture": "#1"},
				"down": {"uv": [9.25, 2.25, 8.75, 2.25], "texture": "#1"}
			}
		},
		{
			"name": "eye",
			"from": [4, 7.5, 3.95],
			"to": [7.75, 9.25, 3.95],
			"rotation": {"angle": 0, "axis": "y", "origin": [8, 8.11522, 8]},
			"faces": {
				"north": {"uv": [8.75, 6.625, 9.25, 6.875], "texture": "#1"},
				"east": {"uv": [7.5, 5, 7.5, 5.25], "texture": "#1"},
				"south": {"uv": [8.875, 5.75, 9.375, 6], "texture": "#1"},
				"west": {"uv": [7.875, 8.125, 7.875, 8.375], "texture": "#1"},
				"up": {"uv": [9.625, 5.625, 9.125, 5.625], "texture": "#1"},
				"down": {"uv": [9.75, 2.125, 9.25, 2.125], "texture": "#1"}
			}
		},
		{
			"name": "eye",
			"from": [9.25, 6, 3.975],
			"to": [10.5, 8, 3.975],
			"rotation": {"angle": 0, "axis": "y", "origin": [8, 8.11522, 8]},
			"faces": {
				"north": {"uv": [3.625, 8.25, 3.75, 8.5], "texture": "#1"},
				"east": {"uv": [7.375, 8.5, 7.375, 8.75], "texture": "#1"},
				"south": {"uv": [9.5, 4.5, 9.625, 4.75], "texture": "#1"},
				"west": {"uv": [7.875, 8.5, 7.875, 8.75], "texture": "#1"},
				"up": {"uv": [5.375, 6.25, 5.25, 6.25], "texture": "#1"},
				"down": {"uv": [8.125, 2.625, 8, 2.625], "texture": "#1"}
			}
		},
		{
			"name": "eye",
			"from": [5.5, 6, 3.975],
			"to": [6.75, 8, 3.975],
			"rotation": {"angle": 0, "axis": "y", "origin": [8, 8.11522, 8]},
			"faces": {
				"north": {"uv": [4.625, 9.5, 4.75, 9.75], "texture": "#1"},
				"east": {"uv": [3.5, 8.75, 3.5, 9], "texture": "#1"},
				"south": {"uv": [4.875, 9.5, 5, 9.75], "texture": "#1"},
				"west": {"uv": [7.75, 9.125, 7.75, 9.375], "texture": "#1"},
				"up": {"uv": [8.25, 5.25, 8.125, 5.25], "texture": "#1"},
				"down": {"uv": [8.375, 3.625, 8.25, 3.625], "texture": "#1"}
			}
		},
		{
			"name": "ear",
			"from": [1, 8, 7],
			"to": [15, 9, 8],
			"rotation": {"angle": 0, "axis": "y", "origin": [8, 8.11522, 8]},
			"faces": {
				"north": {"uv": [8, 2.375, 9.75, 2.5], "texture": "#1"},
				"east": {"uv": [6.375, 5, 6.5, 5.125], "texture": "#1"},
				"south": {"uv": [8, 7.25, 9.75, 7.375], "texture": "#1"},
				"west": {"uv": [4.5, 8.5, 4.625, 8.625], "texture": "#1"},
				"up": {"uv": [9.75, 7.625, 8, 7.5], "texture": "#1"},
				"down": {"uv": [9.75, 7.75, 8, 7.875], "texture": "#1"}
			}
		},
		{
			"name": "ear",
			"from": [2, 7, 7],
			"to": [14, 8, 8],
			"rotation": {"angle": 0, "axis": "y", "origin": [8, 8.11522, 8]},
			"faces": {
				"north": {"uv": [8.25, 2.625, 9.75, 2.75], "texture": "#1"},
				"east": {"uv": [8.75, 7, 8.875, 7.125], "texture": "#1"},
				"south": {"uv": [8.25, 2.875, 9.75, 3], "texture": "#1"},
				"west": {"uv": [8.875, 8.375, 9, 8.5], "texture": "#1"},
				"up": {"uv": [9.75, 3.25, 8.25, 3.125], "texture": "#1"},
				"down": {"uv": [9.75, 3.375, 8.25, 3.5], "texture": "#1"}
			}
		},
		{
			"from": [6, 7.75, 3.25],
			"to": [10, 13.75, 7.25],
			"rotation": {"angle": 0, "axis": "y", "origin": [8, 18.11522, 1]},
			"faces": {
				"north": {"uv": [7.375, 1, 7.875, 1.75], "texture": "#1"},
				"east": {"uv": [7.375, 1.875, 7.875, 2.625], "texture": "#1"},
				"south": {"uv": [2.625, 7.375, 3.125, 8.125], "texture": "#1"},
				"west": {"uv": [3.25, 7.375, 3.75, 8.125], "texture": "#1"},
				"up": {"uv": [8.5, 1.125, 8, 0.625], "texture": "#1"},
				"down": {"uv": [8.5, 1.25, 8, 1.75], "texture": "#1"}
			}
		},
		{
			"from": [3.5, 5.5, 3.5],
			"to": [6.5, 13.5, 6.5],
			"rotation": {"angle": -22.5, "axis": "z", "origin": [5, 10.5, 5]},
			"faces": {
				"north": {"uv": [7.375, 5.875, 7.75, 6.875], "texture": "#1"},
				"east": {"uv": [6.5, 7.375, 6.875, 8.375], "texture": "#1"},
				"south": {"uv": [7, 7.375, 7.375, 8.375], "texture": "#1"},
				"west": {"uv": [7.5, 7, 7.875, 8], "texture": "#1"},
				"up": {"uv": [1.75, 9.125, 1.375, 8.75], "texture": "#1"},
				"down": {"uv": [9.125, 1.75, 8.75, 2.125], "texture": "#1"}
			}
		},
		{
			"from": [9.75, 5.5, 3.5],
			"to": [12.75, 13.5, 6.5],
			"rotation": {"angle": 22.5, "axis": "z", "origin": [11, 9.5, 5]},
			"faces": {
				"north": {"uv": [0.875, 7.625, 1.25, 8.625], "texture": "#1"},
				"east": {"uv": [1.375, 7.625, 1.75, 8.625], "texture": "#1"},
				"south": {"uv": [1.875, 7.625, 2.25, 8.625], "texture": "#1"},
				"west": {"uv": [7.625, 4.25, 8, 5.25], "texture": "#1"},
				"up": {"uv": [2.25, 9.125, 1.875, 8.75], "texture": "#1"},
				"down": {"uv": [2.75, 8.75, 2.375, 9.125], "texture": "#1"}
			}
		}
	],
	"gui_light": "front",
	"display": {
		"thirdperson_righthand": {
			"rotation": [24.74, -12.6, -11.42],
			"translation": [0, 0.5, 0],
			"scale": [0.5, 0.5, 0.5]
		},
		"thirdperson_lefthand": {
			"rotation": [24.74, -12.6, -11.42],
			"translation": [0, 0.5, 0],
			"scale": [0.5, 0.5, 0.5]
		},
		"firstperson_righthand": {
			"rotation": [127.22, 56.74, -138.31],
			"translation": [0, 1, 0],
			"scale": [0.5, 0.5, 0.5]
		},
		"firstperson_lefthand": {
			"rotation": [127.22, 56.74, -138.31],
			"translation": [0, 1, 0],
			"scale": [0.5, 0.5, 0.5]
		},
		"ground": {
			"translation": [0, 1.25, 0],
			"scale": [0.5, 0.5, 0.5]
		},
		"gui": {
			"rotation": [-179.39, 28.19, -172.72],
			"translation": [0, -1, 0],
			"scale": [0.6, 0.6, 0.6]
		},
		"head": {
			"translation": [0, -1.75, 0]
		},
		"fixed": {
			"translation": [0, -1, -2.5],
			"scale": [0.6, 0.6, 0.6]
		}
	},
	"groups": [
		{
			"name": "root",
			"origin": [0, 0, 0],
			"color": 0,
			"children": [0, 1, 2, 3, 4, 5, 6, 7, 8, 9, 10, 11, 12, 13, 14, 15, 16, 17, 18, 19, 20, 21, 22, 23, 24, 25, 26, 27, 28, 29, 30, 31, 32, 33]
		}
	]
}