{
	"credit": "Made with Blockbench",
	"texture_size": [32, 32],
	"textures": {
		"1": "nocsy/nocsy_chibi_husky"
	},
	"elements": [
		{
			"from": [5, 3.76197, 7],
			"to": [11, 9.76197, 13],
			"rotation": {"angle": 0, "axis": "y", "origin": [8, -5.33803, 16]},
			"faces": {
				"north": {"uv": [0, 8, 3, 11], "texture": "#1"},
				"east": {"uv": [8, 0, 11, 3], "texture": "#1"},
				"south": {"uv": [3.5, 8, 6.5, 11], "texture": "#1"},
				"west": {"uv": [8, 3.5, 11, 6.5], "texture": "#1"},
				"up": {"uv": [10, 11, 7, 8], "texture": "#1"},
				"down": {"uv": [13.5, 7, 10.5, 10], "texture": "#1"}
			}
		},
		{
			"from": [5.8, 5.96197, 6.9],
			"to": [6.8, 6.96197, 6.9],
			"rotation": {"angle": 0, "axis": "y", "origin": [8, -5.33803, 16]},
			"faces": {
				"north": {"uv": [8, 7, 8.5, 7.5], "texture": "#1"},
				"east": {"uv": [10, 7, 10, 7.5], "texture": "#1"},
				"south": {"uv": [9, 7, 9.5, 7.5], "texture": "#1"},
				"west": {"uv": [1.5, 13.5, 1.5, 14], "texture": "#1"},
				"up": {"uv": [13, 12, 12.5, 12], "texture": "#1"},
				"down": {"uv": [14, 12, 13.5, 12], "texture": "#1"}
			}
		},
		{
			"from": [9.2, 5.96197, 6.9],
			"to": [10.2, 6.96197, 6.9],
			"rotation": {"angle": 0, "axis": "y", "origin": [8, -5.33803, 16]},
			"faces": {
				"north": {"uv": [12.5, 3, 13, 3.5], "texture": "#1"},
				"east": {"uv": [13.5, 12.5, 13.5, 13], "texture": "#1"},
				"south": {"uv": [13.5, 3, 14, 3.5], "texture": "#1"},
				"west": {"uv": [13.5, 13.5, 13.5, 14], "texture": "#1"},
				"up": {"uv": [3.5, 14, 3, 14], "texture": "#1"},
				"down": {"uv": [4.5, 14, 4, 14], "texture": "#1"}
			}
		},
		{
			"from": [1.48464, 7.54463, 8.94147],
			"to": [8.48464, 14.54463, 9.01647],
			"rotation": {"angle": 22.5, "axis": "z", "origin": [4.4677, 10.98657, 9.087]},
			"faces": {
				"north": {"uv": [0, 0, 3.5, 3.5], "texture": "#1"},
				"east": {"uv": [11.5, 0, 12, 3.5], "texture": "#1"},
				"south": {"uv": [0, 4, 3.5, 7.5], "texture": "#1"},
				"west": {"uv": [2, 11.5, 2.5, 15], "texture": "#1"},
				"up": {"uv": [6.5, 12, 3, 11.5], "texture": "#1"},
				"down": {"uv": [15, 4, 11.5, 4.5], "texture": "#1"}
			}
		},
		{
			"from": [7.51536, 7.54463, 8.94147],
			"to": [14.51536, 14.54463, 9.01647],
			"rotation": {"angle": -22.5, "axis": "z", "origin": [11.5323, 10.98657, 9.087]},
			"faces": {
				"north": {"uv": [4, 0, 7.5, 3.5], "texture": "#1"},
				"east": {"uv": [7, 11.5, 7.5, 15], "texture": "#1"},
				"south": {"uv": [4, 4, 7.5, 7.5], "texture": "#1"},
				"west": {"uv": [8, 11.5, 8.5, 15], "texture": "#1"},
				"up": {"uv": [15, 5.5, 11.5, 5], "texture": "#1"},
				"down": {"uv": [15, 6, 11.5, 6.5], "texture": "#1"}
			}
		},
		{
			"from": [6.4, 4.16197, 4.4],
			"to": [9.6, 6.36197, 7.6],
			"rotation": {"angle": 0, "axis": "y", "origin": [8, 5.78647, 5.1125]},
			"faces": {
				"north": {"uv": [12.5, 0, 14, 1], "texture": "#1"},
				"east": {"uv": [12.5, 1.5, 14, 2.5], "texture": "#1"},
				"south": {"uv": [3, 12.5, 4.5, 13.5], "texture": "#1"},
				"west": {"uv": [5, 12.5, 6.5, 13.5], "texture": "#1"},
				"up": {"uv": [12, 12, 10.5, 10.5], "texture": "#1"},
				"down": {"uv": [1.5, 11.5, 0, 13], "texture": "#1"}
			}
		},
		{
			"from": [7, 3.76197, 5],
			"to": [9, 5.76197, 7],
			"rotation": {"angle": 0, "axis": "y", "origin": [7.5, 5.78647, 5.1125]},
			"faces": {
				"north": {"uv": [9, 11.5, 10, 12.5], "texture": "#1"},
				"east": {"uv": [10.5, 12.5, 11.5, 13.5], "texture": "#1"},
				"south": {"uv": [12.5, 10.5, 13.5, 11.5], "texture": "#1"},
				"west": {"uv": [12, 12.5, 13, 13.5], "texture": "#1"},
				"up": {"uv": [10, 14, 9, 13], "texture": "#1"},
				"down": {"uv": [1, 13.5, 0, 14.5], "texture": "#1"}
			}
		}
	],
	"display": {
		"gui": {
			"rotation": [-168.75, 21.75, -180],
			"translation": [-0.5, 0, 0],
			"scale": [1.4, 1.4, 1.4]
		}
	},
	"groups": [
		{
			"name": "h_head",
			"origin": [8, 6.51197, 11.25],
			"color": 0,
			"children": [
				0,
				1,
				2,
				{
					"name": "h_ears",
					"origin": [7.97203, 9.10032, 9.13652],
					"rotation": [-16.92154, 1.95155, 0],
					"color": 0,
					"children": [3, 4]
				},
				5,
				6
			]
		}
	]
}