{"parent":"minecraft:item/generated","textures":{"layer0":"minecraft:item/paper"},"overrides":[{"predicate":{"custom_model_data":51},"model":"minecraft:item/qitem_snailjar1"},{"predicate":{"custom_model_data":52},"model":"minecraft:item/qitem_snailjar2"},{"predicate":{"custom_model_data":53},"model":"minecraft:item/qitem_snailjar3"},{"predicate":{"custom_model_data":54},"model":"minecraft:item/qitem_snailjar4"},{"predicate":{"custom_model_data":55},"model":"minecraft:item/qitem_snailjar5"},{"predicate":{"custom_model_data":56},"model":"minecraft:item/qitem_snailjar6"},{"predicate":{"custom_model_data":57},"model":"minecraft:item/qitem_snailjar7"},{"predicate":{"custom_model_data":58},"model":"minecraft:item/qitem_snailjar8"},{"predicate":{"custom_model_data":59},"model":"minecraft:item/qitem_snailjar9"},{"predicate":{"custom_model_data":60},"model":"minecraft:item/qfurniture_snailjar1"},{"predicate":{"custom_model_data":61},"model":"minecraft:item/qfurniture_snailjar2"},{"predicate":{"custom_model_data":62},"model":"minecraft:item/qfurniture_snailjar3"},{"predicate":{"custom_model_data":63},"model":"minecraft:item/qfurniture_snailjar4"},{"predicate":{"custom_model_data":64},"model":"minecraft:item/qfurniture_snailjar5"},{"predicate":{"custom_model_data":65},"model":"minecraft:item/qfurniture_snailjar6"},{"predicate":{"custom_model_data":66},"model":"minecraft:item/qfurniture_snailjar7"},{"predicate":{"custom_model_data":67},"model":"minecraft:item/qfurniture_snailjar8"},{"predicate":{"custom_model_data":68},"model":"minecraft:item/qfurniture_snailjar9"}],"mcmodels":"49bf7f744ed35eb8d92346c4f00ef726"}