{"credit":"Made with Blockbench","texture_size":[32,32],"textures":{"0":"item/furniture/qitem_snailjar2","particle":"item/furniture/qitem_snailjar2"},"elements":[{"from":[5.696,0,5.888],"to":[10.304,6.144,10.496],"rotation":{"angle":0,"axis":"y","origin":[7.232,0,7.424]},"faces":{"north":{"uv":[0,0,3,4],"texture":"#0"},"east":{"uv":[3,0,6,4],"texture":"#0"},"south":{"uv":[0,4,3,8],"texture":"#0"},"west":{"uv":[3,4,6,8],"texture":"#0"},"up":{"uv":[9,3,6,0],"texture":"#0"},"down":{"uv":[9,3,6,6],"texture":"#0"}}},{"from":[6.464,6.144,6.656],"to":[9.536,7.68,9.728],"rotation":{"angle":0,"axis":"y","origin":[7.232,6.912,7.424]},"faces":{"north":{"uv":[9,8,11,9],"texture":"#0"},"east":{"uv":[3,10,5,11],"texture":"#0"},"south":{"uv":[5,10,7,11],"texture":"#0"},"west":{"uv":[7,10,9,11],"texture":"#0"},"up":{"uv":[5,10,3,8],"texture":"#0"},"down":{"uv":[11,0,9,2],"texture":"#0"}}},{"from":[5.696,7.68,5.888],"to":[10.304,9.216,10.496],"rotation":{"angle":0,"axis":"y","origin":[7.232,9.984,7.424]},"faces":{"north":{"uv":[5,9,8,10],"texture":"#0"},"east":{"uv":[9,6,12,7],"texture":"#0"},"south":{"uv":[9,7,12,8],"texture":"#0"},"west":{"uv":[8,9,11,10],"texture":"#0"},"up":{"uv":[9,9,6,6],"texture":"#0"},"down":{"uv":[3,8,0,11],"texture":"#0"}}},{"from":[6.464,8.448,6.656],"to":[9.536,9.984,9.728],"rotation":{"angle":0,"axis":"y","origin":[7.232,8.448,7.424]},"faces":{"north":{"uv":[9,10,11,11],"texture":"#0"},"east":{"uv":[0,11,2,12],"texture":"#0"},"south":{"uv":[11,0,13,1],"texture":"#0"},"west":{"uv":[11,1,13,2],"texture":"#0"},"up":{"uv":[11,4,9,2],"texture":"#0"},"down":{"uv":[11,4,9,6],"texture":"#0"}}},{"from":[7.6,0.51045,7.76519],"to":[8.4,2.11045,9.36519],"rotation":{"angle":22.5,"axis":"x","origin":[8,1.31045,8.56519]},"faces":{"north":{"uv":[3.5,11,4,12],"texture":"#0"},"east":{"uv":[5,8,6,9],"texture":"#0"},"south":{"uv":[4,11,4.5,12],"texture":"#0"},"west":{"uv":[2,11,3,12],"texture":"#0"},"up":{"uv":[5,12,4.5,11],"texture":"#0"},"down":{"uv":[5.5,11,5,12],"texture":"#0"}}},{"from":[8.2,0.88,6.71827],"to":[8.6,2.08,6.71827],"rotation":{"angle":0,"axis":"y","origin":[0,1.6,1.43827]},"faces":{"north":{"uv":[11,5,11.5,6],"texture":"#0"},"east":{"uv":[0,0,0,1],"texture":"#0"},"south":{"uv":[5.5,11,6,12],"texture":"#0"},"west":{"uv":[0,0,0,1],"texture":"#0"},"up":{"uv":[0.5,0,0,0],"texture":"#0"},"down":{"uv":[0.5,0,0,0],"texture":"#0"}}},{"from":[7.4,0.88,6.71827],"to":[7.8,2.08,6.71827],"rotation":{"angle":0,"axis":"y","origin":[0,1.6,1.43827]},"faces":{"north":{"uv":[6,11,6.5,12],"texture":"#0"},"east":{"uv":[0,0,0,1],"texture":"#0"},"south":{"uv":[6.5,11,7,12],"texture":"#0"},"west":{"uv":[0,0,0,1],"texture":"#0"},"up":{"uv":[0.5,0,0,0],"texture":"#0"},"down":{"uv":[0.5,0,0,0],"texture":"#0"}}},{"from":[7.604,0.08,6.71827],"to":[8.396,0.88,9.51827],"rotation":{"angle":0,"axis":"y","origin":[8.004,0.08,8.31827]},"faces":{"north":{"uv":[7,11,7.5,11.5],"texture":"#0"},"east":{"uv":[11,2,13,2.5],"texture":"#0"},"south":{"uv":[7.5,11,8,11.5],"texture":"#0"},"west":{"uv":[11,2.5,13,3],"texture":"#0"},"up":{"uv":[3.5,13,3,11],"texture":"#0"},"down":{"uv":[11.5,3,11,5],"texture":"#0"}}}],"display":{"ground":{"translation":[0,5,0]},"gui":{"rotation":[22.5,-67.5,0],"translation":[0,2.75,0]},"fixed":{"rotation":[-90,0,0],"translation":[0,0,-11.25],"scale":[1.4,1.4,1.4]}},"groups":[{"name":"bottle","origin":[8,8,8],"color":0,"children":[0,1,2,3,{"name":"snail","origin":[-2,0.5,-0.95216],"color":0,"children":[{"name":"shell","origin":[-2,0.91306,-0.01851],"color":0,"children":[4]},{"name":"eyes","origin":[-1.5,1,-2.20216],"rotation":[-22.5,0,0],"color":0,"children":[5,6]},7]}]}],"mcmodels":"49bf7f744ed35eb8d92346c4f00ef726"}